Protocollo;Gruppo;DataOraIncidente;Localizzazione1;STRADA1;Localizzazione2;STRADA2;Strada02;Chilometrica;DaSpecificare;NaturaIncidente;particolaritastrade;TipoStrada;FondoStradale;Pavimentazione;Segnaletica;CondizioneAtmosferica;Traffico;Visibilita;Illuminazione;NUM_FERITI;NUM_RISERVATA;NUM_MORTI;NUM_ILLESI;Longitudine;Latitudine;Confermato;Progressivo;TipoVeicolo;StatoVeicolo;TipoPersona;Sesso;Tipolesione;Deceduto;DecedutoDopo;CinturaCascoUtilizzato;Airbag
3345513;23;08/06/2017 17:45;Strada Urbana;LUNGOTEVERE MARESCIALLO DIAZ;all'intersezione semaforizzata con;VIALE DEL MINISTERO DEGLI AFFARI ESTERI;VIALE DEL MINISTERO DEGLI AFFARI ESTERI;;;Scontro laterale fra veicoli in marcia;Intersezione semaforizzata;Due carreggiate;Asciutto;Asfaltata;Verticale ed orizzontale;Sereno;Normale;Buona;Ore Diurne;0;0;0;2;12.46184;41.93399;-1;1;Motociclo a solo;In marcia / fermata / arresto;Conducente;F;Illeso;0;;Non accertato;
3345513;23;08/06/2017 17:45;Strada Urbana;LUNGOTEVERE MARESCIALLO DIAZ;all'intersezione semaforizzata con;VIALE DEL MINISTERO DEGLI AFFARI ESTERI;VIALE DEL MINISTERO DEGLI AFFARI ESTERI;;;Scontro laterale fra veicoli in marcia;Intersezione semaforizzata;Due carreggiate;Asciutto;Asfaltata;Verticale ed orizzontale;Sereno;Normale;Buona;Ore Diurne;0;0;0;2;12.46184;41.93399;-1;2;Autovettura privata;In marcia / fermata / arresto;Conducente;M;Illeso;0;;Non accertato;Inesploso
3345524;15;09/06/2017 11:30;Comunale extraurbana;VIA ROMOLO DE' CATERINI;da specificare;;;;fronte civico 43;Scontro frontale/laterale SX fra veicoli in marcia;Rettilineo;Più di due carreggiate;Asciutto;Asfaltata;Verticale ed orizzontale;Sereno;Scarso;Buona;Ore Diurne;0;0;0;2;12.33021;41.80337;-1;1;Autovettura privata;In marcia / fermata / arresto;Conducente;M;Illeso;0;;;
3345524;15;09/06/2017 11:30;Comunale extraurbana;VIA ROMOLO DE' CATERINI;da specificare;;;;fronte civico 43;Scontro frontale/laterale SX fra veicoli in marcia;Rettilineo;Più di due carreggiate;Asciutto;Asfaltata;Verticale ed orizzontale;Sereno;Scarso;Buona;Ore Diurne;0;0;0;2;12.33021;41.80337;-1;2;Autovettura privata;In marcia / fermata / arresto;Conducente;M;Illeso;0;;Utilizzato;
3345542;6;09/06/2017 14:35;Strada Urbana;VIA PRENESTINA;in corrispondenza;;del civico n.;276;;Veicolo in marcia contro veicolo fermo;Rettilineo;Due carreggiate;Asciutto;Asfaltata;Verticale ed orizzontale;Sereno;Normale;Buona;Ore Diurne;0;0;0;3;12.54758;41.8932;-1;1;Autobus di linea;In marcia / fermata / arresto;Conducente;M;Illeso;0;;;
3345542;6;09/06/2017 14:35;Strada Urbana;VIA PRENESTINA;in corrispondenza;;del civico n.;276;;Veicolo in marcia contro veicolo fermo;Rettilineo;Due carreggiate;Asciutto;Asfaltata;Verticale ed orizzontale;Sereno;Normale;Buona;Ore Diurne;0;0;0;3;12.54758;41.8932;-1;2;Autovettura privata;In marcia / fermata / arresto;Conducente;M;Illeso;0;;;
3345542;6;09/06/2017 14:35;Strada Urbana;VIA PRENESTINA;in corrispondenza;;del civico n.;276;;Veicolo in marcia contro veicolo fermo;Rettilineo;Due carreggiate;Asciutto;Asfaltata;Verticale ed orizzontale;Sereno;Normale;Buona;Ore Diurne;0;0;0;3;12.54758;41.8932;-1;2;Autovettura privata;In marcia / fermata / arresto;Passeggero;F;Illeso;0;;;
3345561;2;09/06/2017 15:30;Strada Urbana;VIALE TIZIANO;in corrispondenza;;del civico n.;40;;Scontro laterale fra veicoli in marcia;Rettilineo;Una carreggiata a senso unico di marcia;Asciutto;Asfaltata;Verticale ed orizzontale;Sereno;Normale;Buona;Ore Diurne;0;0;0;4;12.47136;41.92491;-1;1;Motociclo a solo;In marcia / fermata / arresto;Conducente;M;Illeso;0;;Non accertato;
3345561;2;09/06/2017 15:30;Strada Urbana;VIALE TIZIANO;in corrispondenza;;del civico n.;40;;Scontro laterale fra veicoli in marcia;Rettilineo;Una carreggiata a senso unico di marcia;Asciutto;Asfaltata;Verticale ed orizzontale;Sereno;Normale;Buona;Ore Diurne;0;0;0;4;12.47136;41.92491;-1;2;Autovettura privata;In marcia / fermata / arresto;Conducente;F;Illeso;0;;Non accertato;Inesploso
3345561;2;09/06/2017 15:30;Strada Urbana;VIALE TIZIANO;in corrispondenza;;del civico n.;40;;Scontro laterale fra veicoli in marcia;Rettilineo;Una carreggiata a senso unico di marcia;Asciutto;Asfaltata;Verticale ed orizzontale;Sereno;Normale;Buona;Ore Diurne;0;0;0;4;12.47136;41.92491;-1;2;Autovettura privata;In marcia / fermata / arresto;Passeggero;M;Illeso;0;;Non accertato;Inesploso
3345561;2;09/06/2017 15:30;Strada Urbana;VIALE TIZIANO;in corrispondenza;;del civico n.;40;;Scontro laterale fra veicoli in marcia;Rettilineo;Una carreggiata a senso unico di marcia;Asciutto;Asfaltata;Verticale ed orizzontale;Sereno;Normale;Buona;Ore Diurne;0;0;0;4;12.47136;41.92491;-1;2;Autovettura privata;In marcia / fermata / arresto;Passeggero;M;Illeso;0;;Non accertato;Inesploso
3345562;19;09/06/2017 12:30;Strada Urbana;VIA TRIONFALE;in prossimità;;del civico n.;8263;;Scontro laterale fra veicoli in marcia;Rettilineo;Una carreggiata a senso unico di marcia;Asciutto;Asfaltata;Verticale ed orizzontale;Sereno;Normale;Buona;Ore Diurne;0;0;0;7;12.4272;41.93737;-1;1;Autovettura privata;In marcia / fermata / arresto;Conducente;M;Illeso;0;;;
3345562;19;09/06/2017 12:30;Strada Urbana;VIA TRIONFALE;in prossimità;;del civico n.;8263;;Scontro laterale fra veicoli in marcia;Rettilineo;Una carreggiata a senso unico di marcia;Asciutto;Asfaltata;Verticale ed orizzontale;Sereno;Normale;Buona;Ore Diurne;0;0;0;7;12.4272;41.93737;-1;1;Autovettura privata;In marcia / fermata / arresto;Passeggero;F;Illeso;0;;Non accertato;Inesploso
3345562;19;09/06/2017 12:30;Strada Urbana;VIA TRIONFALE;in prossimità;;del civico n.;8263;;Scontro laterale fra veicoli in marcia;Rettilineo;Una carreggiata a senso unico di marcia;Asciutto;Asfaltata;Verticale ed orizzontale;Sereno;Normale;Buona;Ore Diurne;0;0;0;7;12.4272;41.93737;-1;1;Autovettura privata;In marcia / fermata / arresto;Passeggero;M;Illeso;0;;Non accertato;Inesploso
3345562;19;09/06/2017 12:30;Strada Urbana;VIA TRIONFALE;in prossimità;;del civico n.;8263;;Scontro laterale fra veicoli in marcia;Rettilineo;Una carreggiata a senso unico di marcia;Asciutto;Asfaltata;Verticale ed orizzontale;Sereno;Normale;Buona;Ore Diurne;0;0;0;7;12.4272;41.93737;-1;1;Autovettura privata;In marcia / fermata / arresto;Passeggero;F;Illeso;0;;Non accertato;Inesploso
3345562;19;09/06/2017 12:30;Strada Urbana;VIA TRIONFALE;in prossimità;;del civico n.;8263;;Scontro laterale fra veicoli in marcia;Rettilineo;Una carreggiata a senso unico di marcia;Asciutto;Asfaltata;Verticale ed orizzontale;Sereno;Normale;Buona;Ore Diurne;0;0;0;7;12.4272;41.93737;-1;1;Autovettura privata;In marcia / fermata / arresto;Passeggero;M;Illeso;0;;Non accertato;Inesploso
3345562;19;09/06/2017 12:30;Strada Urbana;VIA TRIONFALE;in prossimità;;del civico n.;8263;;Scontro laterale fra veicoli in marcia;Rettilineo;Una carreggiata a senso unico di marcia;Asciutto;Asfaltata;Verticale ed orizzontale;Sereno;Normale;Buona;Ore Diurne;0;0;0;7;12.4272;41.93737;-1;2;Trattore stradale;In marcia / fermata / arresto;Conducente;M;Illeso;0;;;
3345562;19;09/06/2017 12:30;Strada Urbana;VIA TRIONFALE;in prossimità;;del civico n.;8263;;Scontro laterale fra veicoli in marcia;Rettilineo;Una carreggiata a senso unico di marcia;Asciutto;Asfaltata;Verticale ed orizzontale;Sereno;Normale;Buona;Ore Diurne;0;0;0;7;12.4272;41.93737;-1;3;Rimorchio;In marcia / fermata / arresto;Conducente;M;Illeso;0;;;
3345574;15;09/06/2017 18:45;Strada Urbana;VIA QUIRINO MAJORANA;in corrispondenza;;del civico n.;145;;Scontro laterale fra veicoli in marcia;Rettilineo;Due carreggiate;Asciutto;Asfaltata;Assente;Sereno;Normale;Buona;Ore Diurne;0;0;0;2;12.46202;41.86834;-1;1;Autovettura privata;In marcia / fermata / arresto;Conducente;M;Illeso;0;;Non accertato;Inesploso
3345574;15;09/06/2017 18:45;Strada Urbana;VIA QUIRINO MAJORANA;in corrispondenza;;del civico n.;145;;Scontro laterale fra veicoli in marcia;Rettilineo;Due carreggiate;Asciutto;Asfaltata;Assente;Sereno;Normale;Buona;Ore Diurne;0;0;0;2;12.46202;41.86834;-1;2;Autovettura privata;In marcia / fermata / arresto;Conducente;F;Illeso;0;;Non accertato;Inesploso
3345629;1;08/06/2017 09:50;Strada Urbana;PIAZZA DI PORTA S. GIOVANNI;in corrispondenza;;del civico n.;42;;Scontro laterale fra veicoli in marcia;Rettilineo;Due carreggiate;Asciutto;Asfaltata;Verticale ed orizzontale;Sereno;Intenso;Buona;Ore Diurne;0;0;0;2;12.50461;41.88705;-1;1;Autovettura privata;In marcia / fermata / arresto;Conducente;M;Illeso;0;;Utilizzato;Inesploso
3345629;1;08/06/2017 09:50;Strada Urbana;PIAZZA DI PORTA S. GIOVANNI;in corrispondenza;;del civico n.;42;;Scontro laterale fra veicoli in marcia;Rettilineo;Due carreggiate;Asciutto;Asfaltata;Verticale ed orizzontale;Sereno;Intenso;Buona;Ore Diurne;0;0;0;2;12.50461;41.88705;-1;2;Motrice;In marcia / fermata / arresto;Conducente;M;Illeso;0;;Utilizzato;Inesploso
3345808;15;09/06/2017 16:50;Strada Urbana;VICOLO DELL'IMBRECCIATO;in prossimità;;del civico n.;136;;Investimento di pedone;Rettilineo;Una carreggiata a doppio senso;Asciutto;Asfaltata;Assente;Sereno;Intenso;Buona;Ore Diurne;1;0;0;1;12.44631;41.84849;-1;;;;Pedone;M;Ricoverato;0;NON DECEDUTO;;
3345808;15;09/06/2017 16:50;Strada Urbana;VICOLO DELL'IMBRECCIATO;in prossimità;;del civico n.;136;;Investimento di pedone;Rettilineo;Una carreggiata a doppio senso;Asciutto;Asfaltata;Assente;Sereno;Intenso;Buona;Ore Diurne;1;0;0;1;12.44631;41.84849;-1;1;Autocarro inferiore 35 q.;In marcia / fermata / arresto;Conducente;M;Illeso;0;;Utilizzato;
3345992;11;09/06/2017 22:00;Strada Urbana;PIAZZA ADELE ZOAGLI MAMELI;all'intersezione con;VIA ROSA RAIMONDI GARIBALDI;VIA ROSA RAIMONDI GARIBALDI;;;Veicolo in marcia contro veicolo arresto;Intersezione stradale segnalata;Una carreggiata a senso unico di marcia;Asciutto;Asfaltata;Verticale ed orizzontale;Sereno;Normale;Sufficiente;Sufficiente;0;0;0;2;12.48842;41.85642;-1;1;Quadriciclo leggero;In marcia / fermata / arresto;Conducente;M;Illeso;0;;;
3345992;11;09/06/2017 22:00;Strada Urbana;PIAZZA ADELE ZOAGLI MAMELI;all'intersezione con;VIA ROSA RAIMONDI GARIBALDI;VIA ROSA RAIMONDI GARIBALDI;;;Veicolo in marcia contro veicolo arresto;Intersezione stradale segnalata;Una carreggiata a senso unico di marcia;Asciutto;Asfaltata;Verticale ed orizzontale;Sereno;Normale;Sufficiente;Sufficiente;0;0;0;2;12.48842;41.85642;-1;1;Quadriciclo leggero;In marcia / fermata / arresto;Passeggero;M;Illeso;0;;;
3345995;17;09/06/2017 17:40;Strada Urbana;LARGO GIOVANNI XXIII;da specificare;;;;IN PROX DI VIA DELLA CONCILIAZIONE ALT. PONTE;Scontro frontale fra veicoli in marcia;Rettilineo;Una carreggiata a senso unico di marcia;Asciutto;Asfaltata;Verticale ed orizzontale;Sereno;Normale;Buona;Ore Diurne;0;0;0;2;12.46438;41.90217;-1;1;Autovettura privata;In marcia / fermata / arresto;Conducente;F;Illeso;0;;Non accertato;Inesploso
3345995;17;09/06/2017 17:40;Strada Urbana;LARGO GIOVANNI XXIII;da specificare;;;;IN PROX DI VIA DELLA CONCILIAZIONE ALT. PONTE;Scontro frontale fra veicoli in marcia;Rettilineo;Una carreggiata a senso unico di marcia;Asciutto;Asfaltata;Verticale ed orizzontale;Sereno;Normale;Buona;Ore Diurne;0;0;0;2;12.46438;41.90217;-1;2;Autovettura privata;In marcia / fermata / arresto;Conducente;F;Illeso;0;;Non accertato;Inesploso
3345996;11;09/06/2017 07:30;Strada Urbana;VIA ARDEATINA;in prossimità;;del civico n.;521B;;Tamponamento;Rettilineo;Una carreggiata a doppio senso;Asciutto;Asfaltata;Verticale ed orizzontale;Sereno;Normale;Buona;Ore Diurne;1;0;0;1;12.51839;41.82878;-1;1;Autovettura privata;In marcia / fermata / arresto;Conducente;M;Illeso;0;;Non accertato;
3345996;11;09/06/2017 07:30;Strada Urbana;VIA ARDEATINA;in prossimità;;del civico n.;521B;;Tamponamento;Rettilineo;Una carreggiata a doppio senso;Asciutto;Asfaltata;Verticale ed orizzontale;Sereno;Normale;Buona;Ore Diurne;1;0;0;1;12.51839;41.82878;-1;2;Autovettura privata;In marcia / fermata / arresto;Conducente;F;Rimandato;0;NON DECEDUTO;Non accertato;
3346010;6;09/06/2017 21:50;Strada Urbana;VIA CASILINA;da specificare;;;;fronte Viale della Primavera;Scontro frontale/laterale DX fra veicoli in marcia;Rettilineo;Più di due carreggiate;Asciutto;Asfaltata;Verticale ed orizzontale;Sereno;Scarso;Buona;Sufficiente;1;0;0;1;12.55733;41.87543;-1;1;Autovettura privata;In marcia / fermata / arresto;Conducente;M;Illeso;0;;;
3346010;6;09/06/2017 21:50;Strada Urbana;VIA CASILINA;da specificare;;;;fronte Viale della Primavera;Scontro frontale/laterale DX fra veicoli in marcia;Rettilineo;Più di due carreggiate;Asciutto;Asfaltata;Verticale ed orizzontale;Sereno;Scarso;Buona;Sufficiente;1;0;0;1;12.55733;41.87543;-1;1;Autovettura privata;In marcia / fermata / arresto;Passeggero;F;Rimandato;0;NON DECEDUTO;;
3346011;1;09/06/2017 12:45;Strada Urbana;VIALE AVENTINO;in corrispondenza;;del civico n.;58;;Scontro frontale/laterale SX fra veicoli in marcia;Rettilineo;Più di due carreggiate;Asciutto;Asfaltata;Verticale ed orizzontale;Sereno;Normale;Buona;Ore Diurne;1;0;0;1;12.48624;41.88248;-1;1;Vettura tranviaria;In marcia / fermata / arresto;Conducente;M;Illeso;0;;Esente;
3346011;1;09/06/2017 12:45;Strada Urbana;VIALE AVENTINO;in corrispondenza;;del civico n.;58;;Scontro frontale/laterale SX fra veicoli in marcia;Rettilineo;Più di due carreggiate;Asciutto;Asfaltata;Verticale ed orizzontale;Sereno;Normale;Buona;Ore Diurne;1;0;0;1;12.48624;41.88248;-1;2;Autovettura privata;In marcia / fermata / arresto;Conducente;F;Rifiuta cure immediate;0;NON DECEDUTO;Non accertato;Inesploso
3346016;8;09/06/2017 14:30;Provinciale entro l'abitato;VIA POLENSE;da specificare;;;;all'alt. del civ. 64 di Via Cavuccio;Veicolo in marcia contro ostacolo fisso;Curva a visuale libera;Una carreggiata a doppio senso;Asciutto;Asfaltata;Verticale ed orizzontale;Sereno;Normale;Buona;Ore Diurne;2;0;0;0;12.70311;41.8955;-1;1;Motociclo a solo;In marcia / fermata / arresto;Conducente;M;Rifiuta cure immediate;0;NON DECEDUTO;Non accertato;
3346016;8;09/06/2017 14:30;Provinciale entro l'abitato;VIA POLENSE;da specificare;;;;all'alt. del civ. 64 di Via Cavuccio;Veicolo in marcia contro ostacolo fisso;Curva a visuale libera;Una carreggiata a doppio senso;Asciutto;Asfaltata;Verticale ed orizzontale;Sereno;Normale;Buona;Ore Diurne;2;0;0;0;12.70311;41.8955;-1;1;Motociclo a solo;In marcia / fermata / arresto;Passeggero;F;Rimandato;0;NON DECEDUTO;Non accertato;
3346018;8;09/06/2017 15:00;Strada Urbana;VIA DELL' OSTERIA DEL FINOCCHIO;in prossimità;;del civico n.;40/42;;Scontro laterale fra veicoli in marcia;Rettilineo;Una carreggiata a senso unico di marcia;Asciutto;Asfaltata;Verticale ed orizzontale;Sereno;Normale;Buona;Ore Diurne;7;0;0;2;12.68343;41.86135;-1;1;Autovettura di polizia;In marcia / fermata / arresto;Conducente;M;Rifiuta cure immediate;0;NON DECEDUTO;Non accertato;Inesploso
3346018;8;09/06/2017 15:00;Strada Urbana;VIA DELL' OSTERIA DEL FINOCCHIO;in prossimità;;del civico n.;40/42;;Scontro laterale fra veicoli in marcia;Rettilineo;Una carreggiata a senso unico di marcia;Asciutto;Asfaltata;Verticale ed orizzontale;Sereno;Normale;Buona;Ore Diurne;7;0;0;2;12.68343;41.86135;-1;1;Autovettura di polizia;In marcia / fermata / arresto;Passeggero;M;Illeso;0;;Non accertato;Inesploso
3346018;8;09/06/2017 15:00;Strada Urbana;VIA DELL' OSTERIA DEL FINOCCHIO;in prossimità;;del civico n.;40/42;;Scontro laterale fra veicoli in marcia;Rettilineo;Una carreggiata a senso unico di marcia;Asciutto;Asfaltata;Verticale ed orizzontale;Sereno;Normale;Buona;Ore Diurne;7;0;0;2;12.68343;41.86135;-1;1;Autovettura di polizia;In marcia / fermata / arresto;Passeggero;M;Illeso;0;;Non accertato;Inesploso
3346018;8;09/06/2017 15:00;Strada Urbana;VIA DELL' OSTERIA DEL FINOCCHIO;in prossimità;;del civico n.;40/42;;Scontro laterale fra veicoli in marcia;Rettilineo;Una carreggiata a senso unico di marcia;Asciutto;Asfaltata;Verticale ed orizzontale;Sereno;Normale;Buona;Ore Diurne;7;0;0;2;12.68343;41.86135;-1;2;Autovettura privata;In marcia / fermata / arresto;Conducente;M;Rimandato;0;NON DECEDUTO;Non accertato;Inesploso
3346018;8;09/06/2017 15:00;Strada Urbana;VIA DELL' OSTERIA DEL FINOCCHIO;in prossimità;;del civico n.;40/42;;Scontro laterale fra veicoli in marcia;Rettilineo;Una carreggiata a senso unico di marcia;Asciutto;Asfaltata;Verticale ed orizzontale;Sereno;Normale;Buona;Ore Diurne;7;0;0;2;12.68343;41.86135;-1;4;Autovettura di polizia;In marcia / fermata / arresto;Conducente;M;Rifiuta cure immediate;0;NON DECEDUTO;Non accertato;Inesploso
3346018;8;09/06/2017 15:00;Strada Urbana;VIA DELL' OSTERIA DEL FINOCCHIO;in prossimità;;del civico n.;40/42;;Scontro laterale fra veicoli in marcia;Rettilineo;Una carreggiata a senso unico di marcia;Asciutto;Asfaltata;Verticale ed orizzontale;Sereno;Normale;Buona;Ore Diurne;7;0;0;2;12.68343;41.86135;-1;4;Autovettura di polizia;In marcia / fermata / arresto;Passeggero;M;Rimandato;0;NON DECEDUTO;Non accertato;Inesploso
3346018;8;09/06/2017 15:00;Strada Urbana;VIA DELL' OSTERIA DEL FINOCCHIO;in prossimità;;del civico n.;40/42;;Scontro laterale fra veicoli in marcia;Rettilineo;Una carreggiata a senso unico di marcia;Asciutto;Asfaltata;Verticale ed orizzontale;Sereno;Normale;Buona;Ore Diurne;7;0;0;2;12.68343;41.86135;-1;5;Autovettura di polizia;In marcia / fermata / arresto;Conducente;M;Rimandato;0;NON DECEDUTO;Non accertato;Inesploso
3346018;8;09/06/2017 15:00;Strada Urbana;VIA DELL' OSTERIA DEL FINOCCHIO;in prossimità;;del civico n.;40/42;;Scontro laterale fra veicoli in marcia;Rettilineo;Una carreggiata a senso unico di marcia;Asciutto;Asfaltata;Verticale ed orizzontale;Sereno;Normale;Buona;Ore Diurne;7;0;0;2;12.68343;41.86135;-1;5;Autovettura di polizia;In marcia / fermata / arresto;Passeggero;M;Rimandato;0;NON DECEDUTO;Non accertato;Inesploso
3346018;8;09/06/2017 15:00;Strada Urbana;VIA DELL' OSTERIA DEL FINOCCHIO;in prossimità;;del civico n.;40/42;;Scontro laterale fra veicoli in marcia;Rettilineo;Una carreggiata a senso unico di marcia;Asciutto;Asfaltata;Verticale ed orizzontale;Sereno;Normale;Buona;Ore Diurne;7;0;0;2;12.68343;41.86135;-1;5;Autovettura di polizia;In marcia / fermata / arresto;Passeggero;M;Rimandato;0;NON DECEDUTO;Non accertato;Inesploso
3346023;8;09/06/2017 18:49;Strada Urbana;VIA SELLIA;da specificare;;;;10 m prima palo Acea n. 4 dir. Via Mesoraca;Veicolo in marcia contro ostacolo accidentale;Rettilineo;Una carreggiata a doppio senso;Asciutto;Asfaltata;Verticale ed orizzontale;Sereno;Scarso;Buona;Ore Diurne;0;0;0;2;12.68329;41.87235;-1;1;Autovettura privata;In marcia / fermata / arresto;Conducente;F;Illeso;0;;Non accertato;Inesploso
3346023;8;09/06/2017 18:49;Strada Urbana;VIA SELLIA;da specificare;;;;10 m prima palo Acea n. 4 dir. Via Mesoraca;Veicolo in marcia contro ostacolo accidentale;Rettilineo;Una carreggiata a doppio senso;Asciutto;Asfaltata;Verticale ed orizzontale;Sereno;Scarso;Buona;Ore Diurne;0;0;0;2;12.68329;41.87235;-1;1;Autovettura privata;In marcia / fermata / arresto;Passeggero;M;Illeso;0;;Non accertato;Inesploso
3346024;8;09/06/2017 14:15;Strada Urbana;VIA CASTEL DEL GIUDICE;da specificare;;;;200 m dopo civ. 22 dir. Via Acquaviva d'Isernia;Veicolo in marcia contro ostacolo accidentale;Rettilineo;Due carreggiate;Asciutto;Asfaltata;Assente;Sereno;Scarso;Buona;Ore Diurne;0;0;0;1;12.67086;41.91852;-1;1;Autovettura privata;In marcia / fermata / arresto;Conducente;F;Illeso;0;;Non accertato;Inesploso
3346026;17;09/06/2017 21:00;Strada Urbana;PIAZZA DELLE CINQUE GIORNATE;all'intersezione semaforizzata con;VIA LUIGI SETTEMBRINI;VIA LUIGI SETTEMBRINI;;;Scontro frontale/laterale DX fra veicoli in marcia;Intersezione semaforizzata;Due carreggiate;Asciutto;Asfaltata;Verticale ed orizzontale;Sereno;Scarso;Buona;Sufficiente;0;0;0;3;12.46849;41.91443;-1;1;Autovettura privata;In marcia / fermata / arresto;Conducente;M;Illeso;0;;Non accertato;Inesploso
3346026;17;09/06/2017 21:00;Strada Urbana;PIAZZA DELLE CINQUE GIORNATE;all'intersezione semaforizzata con;VIA LUIGI SETTEMBRINI;VIA LUIGI SETTEMBRINI;;;Scontro frontale/laterale DX fra veicoli in marcia;Intersezione semaforizzata;Due carreggiate;Asciutto;Asfaltata;Verticale ed orizzontale;Sereno;Scarso;Buona;Sufficiente;0;0;0;3;12.46849;41.91443;-1;1;Autovettura privata;In marcia / fermata / arresto;Passeggero;F;Illeso;0;;Non accertato;Inesploso
3346026;17;09/06/2017 21:00;Strada Urbana;PIAZZA DELLE CINQUE GIORNATE;all'intersezione semaforizzata con;VIA LUIGI SETTEMBRINI;VIA LUIGI SETTEMBRINI;;;Scontro frontale/laterale DX fra veicoli in marcia;Intersezione semaforizzata;Due carreggiate;Asciutto;Asfaltata;Verticale ed orizzontale;Sereno;Scarso;Buona;Sufficiente;0;0;0;3;12.46849;41.91443;-1;2;Autovettura privata;In marcia / fermata / arresto;Conducente;F;Illeso;0;;Non accertato;Inesploso
3346028;8;09/06/2017 14:00;Strada Urbana;VIA MILO;in prossimità;;del civico n.;47;;Veicolo in marcia contro ostacolo accidentale;Rettilineo;Una carreggiata a doppio senso;Asciutto;Con buche;Verticale;Sereno;Normale;Buona;Ore Diurne;0;0;0;1;12.6722;41.86536;-1;1;Autovettura privata;In marcia / fermata / arresto;Conducente;M;Illeso;0;;Non accertato;Inesploso
3346031;8;09/06/2017 17:55;Provinciale entro l'abitato;VIA PRENESTINA;in prossimità;;del civico n.;1194;;Tamponamento Multiplo;Rettilineo;Una carreggiata a doppio senso;Asciutto;Asfaltata;Verticale;Sereno;Intenso;Buona;Ore Diurne;0;0;0;5;12.62788;41.8924;-1;1;Autovettura privata;In marcia / fermata / arresto;Conducente;F;Illeso;0;;Non accertato;Inesploso
3346031;8;09/06/2017 17:55;Provinciale entro l'abitato;VIA PRENESTINA;in prossimità;;del civico n.;1194;;Tamponamento Multiplo;Rettilineo;Una carreggiata a doppio senso;Asciutto;Asfaltata;Verticale;Sereno;Intenso;Buona;Ore Diurne;0;0;0;5;12.62788;41.8924;-1;1;Autovettura privata;In marcia / fermata / arresto;Passeggero;F;Illeso;0;;Non accertato;Inesploso
3346031;8;09/06/2017 17:55;Provinciale entro l'abitato;VIA PRENESTINA;in prossimità;;del civico n.;1194;;Tamponamento Multiplo;Rettilineo;Una carreggiata a doppio senso;Asciutto;Asfaltata;Verticale;Sereno;Intenso;Buona;Ore Diurne;0;0;0;5;12.62788;41.8924;-1;2;Autovettura privata;In marcia / fermata / arresto;Conducente;M;Illeso;0;;Non accertato;Inesploso
3346031;8;09/06/2017 17:55;Provinciale entro l'abitato;VIA PRENESTINA;in prossimità;;del civico n.;1194;;Tamponamento Multiplo;Rettilineo;Una carreggiata a doppio senso;Asciutto;Asfaltata;Verticale;Sereno;Intenso;Buona;Ore Diurne;0;0;0;5;12.62788;41.8924;-1;2;Autovettura privata;In marcia / fermata / arresto;Passeggero;M;Illeso;0;;Non accertato;Inesploso
3346031;8;09/06/2017 17:55;Provinciale entro l'abitato;VIA PRENESTINA;in prossimità;;del civico n.;1194;;Tamponamento Multiplo;Rettilineo;Una carreggiata a doppio senso;Asciutto;Asfaltata;Verticale;Sereno;Intenso;Buona;Ore Diurne;0;0;0;5;12.62788;41.8924;-1;2;Autovettura privata;In marcia / fermata / arresto;Passeggero;M;Illeso;0;;Non accertato;Inesploso
3346033;6;09/06/2017 23:45;Strada Urbana;VIA PRENESTINA;da specificare;;;;altezza fronte civico 1041;Scontro frontale/laterale SX fra veicoli in marcia;Rettilineo;Una carreggiata a doppio senso;Asciutto;Asfaltata;Orizzontale;Sereno;Scarso;Buona;Sufficiente;0;0;0;2;12.60796;41.89377;-1;1;Autovettura privata;In marcia / fermata / arresto;Conducente;M;Illeso;0;;;
3346033;6;09/06/2017 23:45;Strada Urbana;VIA PRENESTINA;da specificare;;;;altezza fronte civico 1041;Scontro frontale/laterale SX fra veicoli in marcia;Rettilineo;Una carreggiata a doppio senso;Asciutto;Asfaltata;Orizzontale;Sereno;Scarso;Buona;Sufficiente;0;0;0;2;12.60796;41.89377;-1;2;Autocarro inferiore 35 q.;In marcia / fermata / arresto;Conducente;M;Illeso;0;;;
3346035;8;09/06/2017 08:50;Strada Urbana;VIA BORGHESIANA;all'intersezione con;VIA ANDRIA;VIA ANDRIA;;;Scontro frontale/laterale DX fra veicoli in marcia;Incrocio;Una carreggiata a doppio senso;Asciutto;Asfaltata;Verticale;Sereno;Normale;Buona;Ore Diurne;0;0;0;3;12.67241;41.87651;-1;1;Autovettura privata;In marcia / fermata / arresto;Conducente;M;Illeso;0;;Non accertato;Inesploso
3346035;8;09/06/2017 08:50;Strada Urbana;VIA BORGHESIANA;all'intersezione con;VIA ANDRIA;VIA ANDRIA;;;Scontro frontale/laterale DX fra veicoli in marcia;Incrocio;Una carreggiata a doppio senso;Asciutto;Asfaltata;Verticale;Sereno;Normale;Buona;Ore Diurne;0;0;0;3;12.67241;41.87651;-1;1;Autovettura privata;In marcia / fermata / arresto;Passeggero;M;Illeso;0;;Non accertato;Inesploso