Protocollo;Gruppo;DataOraIncidente;Localizzazione1;STRADA1;Localizzazione2;STRADA2;Strada02;Chilometrica;DaSpecificare;NaturaIncidente;particolaritastrade;TipoStrada;FondoStradale;Pavimentazione;Segnaletica;CondizioneAtmosferica;Traffico;Visibilita;Illuminazione;NUM_FERITI;NUM_RISERVATA;NUM_MORTI;NUM_ILLESI;Longitudine;Latitudine;Confermato;Progressivo;TipoVeicolo;StatoVeicolo;TipoPersona;Sesso;Tipolesione;Deceduto;DecedutoDopo;CinturaCascoUtilizzato;Airbag
3346383;17;10/06/2017 01:35;Strada Urbana;VIA MONTE PERTICA;all'intersezione con;VIA EUCLIDE TURBA;VIA EUCLIDE TURBA;;;Veicolo in marcia contro veicolo in sosta;Incrocio;Una carreggiata a senso unico di marcia;Asciutto;Asfaltata;Verticale ed orizzontale;Sereno;Scarso;Sufficiente;Sufficiente;0;0;0;1;12.45957;41.92089;-1;1;Autocarro inferiore 35 q.;In marcia / fermata / arresto;Conducente;M;Illeso;0;;Non accertato;Inesploso
3346385;13;09/06/2017 18:35;Strada Urbana;VIA TELEMACO SIGNORINI;all'intersezione con;VIA ORAZIO AMATO;VIA ORAZIO AMATO;;;Scontro frontale/laterale SX fra veicoli in marcia;Intersezione stradale segnalata;Una carreggiata a doppio senso;Asciutto;Asfaltata;Verticale ed orizzontale;Sereno;Scarso;Buona;Ore Diurne;2;0;0;0;12.36031;41.77702;-1;1;Autovettura privata;In marcia / fermata / arresto;Conducente;F;Rimandato;0;NON DECEDUTO;Non accertato;Esploso
3346385;13;09/06/2017 18:35;Strada Urbana;VIA TELEMACO SIGNORINI;all'intersezione con;VIA ORAZIO AMATO;VIA ORAZIO AMATO;;;Scontro frontale/laterale SX fra veicoli in marcia;Intersezione stradale segnalata;Una carreggiata a doppio senso;Asciutto;Asfaltata;Verticale ed orizzontale;Sereno;Scarso;Buona;Ore Diurne;2;0;0;0;12.36031;41.77702;-1;2;Autovettura privata;In marcia / fermata / arresto;Conducente;M;Rimandato;0;NON DECEDUTO;Non accertato;Inesploso
3346395;17;10/06/2017 09:55;Strada Urbana;BORGO PIO;all'intersezione con;VICOLO DELLE PALLINE;VICOLO DELLE PALLINE;;;Veicolo in marcia contro ostacolo fisso;Incrocio;Una carreggiata a doppio senso;Asciutto;In cubetti di porfido;Verticale ed orizzontale;Sereno;Scarso;Buona;Ore Diurne;0;0;0;1;12.46034;41.90379;0;1;Autocarro inferiore 35 q.;In marcia / fermata / arresto;Conducente;M;Illeso;0;;Non accertato;Inesploso
3346510;10;09/06/2017 18:15;Strada Urbana;VIA TUSCOLANA;all'intersezione semaforizzata con;CIRCONVALLAZIONE TUSCOLANA;CIRCONVALLAZIONE TUSCOLANA;;;Scontro laterale fra veicoli in marcia;Incrocio;Due carreggiate;Asciutto;Asfaltata;Verticale ed orizzontale;Sereno;Normale;Buona;Ore Diurne;0;0;0;2;12.57059;41.85367;-1;1;Motociclo a solo;In marcia / fermata / arresto;Conducente;M;Illeso;0;;Non accertato;
3346510;10;09/06/2017 18:15;Strada Urbana;VIA TUSCOLANA;all'intersezione semaforizzata con;CIRCONVALLAZIONE TUSCOLANA;CIRCONVALLAZIONE TUSCOLANA;;;Scontro laterale fra veicoli in marcia;Incrocio;Due carreggiate;Asciutto;Asfaltata;Verticale ed orizzontale;Sereno;Normale;Buona;Ore Diurne;0;0;0;2;12.57059;41.85367;-1;2;Autovettura privata;In marcia / fermata / arresto;Conducente;F;Illeso;0;;Non accertato;Inesploso
3346534;10;10/06/2017 09:20;Strada Urbana;VIA TUSCOLANA;in corrispondenza;;del civico n.;1870;;Tamponamento;Rettilineo;Due carreggiate;Asciutto;Asfaltata;Verticale ed orizzontale;Sereno;Normale;Buona;Ore Diurne;2;0;0;1;12.58684;41.84067;-1;1;Autovettura privata;In marcia / fermata / arresto;Conducente;F;Rimandato;0;NON DECEDUTO;Non accertato;Inesploso
3346534;10;10/06/2017 09:20;Strada Urbana;VIA TUSCOLANA;in corrispondenza;;del civico n.;1870;;Tamponamento;Rettilineo;Due carreggiate;Asciutto;Asfaltata;Verticale ed orizzontale;Sereno;Normale;Buona;Ore Diurne;2;0;0;1;12.58684;41.84067;-1;2;Autovettura privata;In marcia / fermata / arresto;Conducente;M;Illeso;0;;Non accertato;Inesploso
3346534;10;10/06/2017 09:20;Strada Urbana;VIA TUSCOLANA;in corrispondenza;;del civico n.;1870;;Tamponamento;Rettilineo;Due carreggiate;Asciutto;Asfaltata;Verticale ed orizzontale;Sereno;Normale;Buona;Ore Diurne;2;0;0;1;12.58684;41.84067;-1;2;Autovettura privata;In marcia / fermata / arresto;Passeggero;F;Rimandato;0;NON DECEDUTO;Non accertato;Inesploso
3346537;20;08/06/2017 08:00;Strada Urbana;VIA SESTRIERE;in prossimità;;del civico n.;61;;Veicolo in marcia contro veicolo in sosta;Rettilineo;Una carreggiata a senso unico di marcia;Asciutto;Asfaltata;Assente;Sereno;Scarso;Buona;Ore Diurne;1;0;0;2;12.44838;41.95313;-1;1;Autovettura privata;In marcia / fermata / arresto;Conducente;F;Illeso;0;;Non accertato;Inesploso
3346537;20;08/06/2017 08:00;Strada Urbana;VIA SESTRIERE;in prossimità;;del civico n.;61;;Veicolo in marcia contro veicolo in sosta;Rettilineo;Una carreggiata a senso unico di marcia;Asciutto;Asfaltata;Assente;Sereno;Scarso;Buona;Ore Diurne;1;0;0;2;12.44838;41.95313;-1;1;Autovettura privata;In marcia / fermata / arresto;Passeggero;F;Rimandato;0;NON DECEDUTO;Non accertato;Inesploso
3346537;20;08/06/2017 08:00;Strada Urbana;VIA SESTRIERE;in prossimità;;del civico n.;61;;Veicolo in marcia contro veicolo in sosta;Rettilineo;Una carreggiata a senso unico di marcia;Asciutto;Asfaltata;Assente;Sereno;Scarso;Buona;Ore Diurne;1;0;0;2;12.44838;41.95313;-1;1;Autovettura privata;In marcia / fermata / arresto;Passeggero;F;Illeso;0;;Non accertato;Inesploso
3346544;10;10/06/2017 10:55;Strada Urbana;PIAZZA S. GIOVANNI BOSCO;in corrispondenza;;del civico n.;42;;Veicolo in marcia contro ostacolo accidentale;Rotatoria;Una carreggiata a senso unico di marcia;Asciutto;Asfaltata;Verticale ed orizzontale;Sereno;Normale;Buona;Ore Diurne;1;0;0;1;12.56458;41.85974;-1;1;Autovettura privata;In marcia / fermata / arresto;Conducente;M;Illeso;0;;Non accertato;Inesploso
3346544;10;10/06/2017 10:55;Strada Urbana;PIAZZA S. GIOVANNI BOSCO;in corrispondenza;;del civico n.;42;;Veicolo in marcia contro ostacolo accidentale;Rotatoria;Una carreggiata a senso unico di marcia;Asciutto;Asfaltata;Verticale ed orizzontale;Sereno;Normale;Buona;Ore Diurne;1;0;0;1;12.56458;41.85974;-1;2;Motociclo a solo;In marcia / fermata / arresto;Conducente;F;Rimandato;0;NON DECEDUTO;Non accertato;
3346552;1;09/06/2017 17:30;Strada Urbana;VIA FILIPPO TURATI;in corrispondenza;;del civico n.;135;;Scontro frontale/laterale SX fra veicoli in marcia;Rettilineo;Una carreggiata a senso unico di marcia;Asciutto;Asfaltata;Orizzontale;Sereno;Normale;Buona;Ore Diurne;0;0;0;3;12.50482;41.89717;-1;1;Autovettura privata;In marcia / fermata / arresto;Conducente;M;Illeso;0;;;
3346552;1;09/06/2017 17:30;Strada Urbana;VIA FILIPPO TURATI;in corrispondenza;;del civico n.;135;;Scontro frontale/laterale SX fra veicoli in marcia;Rettilineo;Una carreggiata a senso unico di marcia;Asciutto;Asfaltata;Orizzontale;Sereno;Normale;Buona;Ore Diurne;0;0;0;3;12.50482;41.89717;-1;2;Autocarro inferiore 35 q.;In marcia / fermata / arresto;Conducente;M;Illeso;0;;;
3346552;1;09/06/2017 17:30;Strada Urbana;VIA FILIPPO TURATI;in corrispondenza;;del civico n.;135;;Scontro frontale/laterale SX fra veicoli in marcia;Rettilineo;Una carreggiata a senso unico di marcia;Asciutto;Asfaltata;Orizzontale;Sereno;Normale;Buona;Ore Diurne;0;0;0;3;12.50482;41.89717;-1;2;Autocarro inferiore 35 q.;In marcia / fermata / arresto;Passeggero;M;Illeso;0;;;
3346617;12;10/06/2017 13:30;Strada Urbana;VIA CRISTOFORO COLOMBO;da specificare;;;;laterale dir. Eur svincolo Roma Fiumicino;Scontro laterale fra veicoli in marcia;Rettilineo;Due carreggiate;Asciutto;Asfaltata;Verticale ed orizzontale;Sereno;Normale;Buona;Ore Diurne;0;0;0;3;12.4773;41.84278;-1;1;Autovettura privata;In marcia / fermata / arresto;Conducente;M;Illeso;0;;Utilizzato;Inesploso
3346617;12;10/06/2017 13:30;Strada Urbana;VIA CRISTOFORO COLOMBO;da specificare;;;;laterale dir. Eur svincolo Roma Fiumicino;Scontro laterale fra veicoli in marcia;Rettilineo;Due carreggiate;Asciutto;Asfaltata;Verticale ed orizzontale;Sereno;Normale;Buona;Ore Diurne;0;0;0;3;12.4773;41.84278;-1;1;Autovettura privata;In marcia / fermata / arresto;Passeggero;F;Illeso;0;;Non accertato;Inesploso
3346617;12;10/06/2017 13:30;Strada Urbana;VIA CRISTOFORO COLOMBO;da specificare;;;;laterale dir. Eur svincolo Roma Fiumicino;Scontro laterale fra veicoli in marcia;Rettilineo;Due carreggiate;Asciutto;Asfaltata;Verticale ed orizzontale;Sereno;Normale;Buona;Ore Diurne;0;0;0;3;12.4773;41.84278;-1;2;Ciclomotore;In marcia / fermata / arresto;Conducente;M;Illeso;0;;Utilizzato;
3346670;20;09/06/2017 20:35;Strada Urbana;VIA DELLA FARNESINA;in prossimità;;del civico n.;3;;Scontro frontale/laterale DX fra veicoli in marcia;Rettilineo;Una carreggiata a doppio senso;Asciutto;Asfaltata;Verticale ed orizzontale;Sereno;Normale;Buona;Ore Diurne;1;0;0;2;12.46543;41.93807;-1;1;Autovettura privata;In marcia / fermata / arresto;Conducente;F;Illeso;0;;Non accertato;
3346670;20;09/06/2017 20:35;Strada Urbana;VIA DELLA FARNESINA;in prossimità;;del civico n.;3;;Scontro frontale/laterale DX fra veicoli in marcia;Rettilineo;Una carreggiata a doppio senso;Asciutto;Asfaltata;Verticale ed orizzontale;Sereno;Normale;Buona;Ore Diurne;1;0;0;2;12.46543;41.93807;-1;1;Autovettura privata;In marcia / fermata / arresto;Passeggero;F;Illeso;0;;Non accertato;Inesploso
3346670;20;09/06/2017 20:35;Strada Urbana;VIA DELLA FARNESINA;in prossimità;;del civico n.;3;;Scontro frontale/laterale DX fra veicoli in marcia;Rettilineo;Una carreggiata a doppio senso;Asciutto;Asfaltata;Verticale ed orizzontale;Sereno;Normale;Buona;Ore Diurne;1;0;0;2;12.46543;41.93807;-1;2;Motociclo con passeggero;Allontanatosi;Passeggero;M;Rimandato;0;NON DECEDUTO;Non accertato;
3346751;13;10/06/2017 14:40;Strada Urbana;VIA DI MALAFEDE;in prossimità;;del civico n.;78;;Fuoriuscita dalla sede stradale;Curva senza visuale libera;Una carreggiata a doppio senso;Asciutto;Strada pavimentata dissestata;Assente;Sereno;Scarso;Buona;Ore Diurne;1;0;0;0;12.39013;41.78885;-1;2;Motociclo a solo;In marcia / fermata / arresto;Conducente;M;Ricoverato;0;NON DECEDUTO;Non accertato;
3346795;20;09/06/2017 08:25;Strada Urbana;VIA CIVITELLA D'AGLIANO;da specificare;;;;fronte via G. Recchi;Tamponamento;Rettilineo;Una carreggiata a doppio senso;Asciutto;Asfaltata;Assente;Sereno;Normale;Buona;Ore Diurne;0;0;0;2;12.47238;41.94804;-1;1;Autovettura privata;In marcia / fermata / arresto;Conducente;F;Illeso;0;;Non accertato;
3346795;20;09/06/2017 08:25;Strada Urbana;VIA CIVITELLA D'AGLIANO;da specificare;;;;fronte via G. Recchi;Tamponamento;Rettilineo;Una carreggiata a doppio senso;Asciutto;Asfaltata;Assente;Sereno;Normale;Buona;Ore Diurne;0;0;0;2;12.47238;41.94804;-1;2;Quadriciclo;In marcia / fermata / arresto;Conducente;F;Illeso;0;;Non accertato;
3346809;20;09/06/2017 11:05;Strada Urbana;VIA CASSIA;all'intersezione con;VIA COLLEGIOVE;VIA COLLEGIOVE;;;Scontro frontale fra veicoli in marcia;Intersezione non regolata/non segnalata;Una carreggiata a doppio senso;Asciutto;Asfaltata;Verticale ed orizzontale;Sereno;Normale;Buona;Ore Diurne;0;0;0;2;12.42594;41.97526;-1;1;Autocarro inferiore 35 q.;In marcia / fermata / arresto;Conducente;M;Illeso;0;;;
3346809;20;09/06/2017 11:05;Strada Urbana;VIA CASSIA;all'intersezione con;VIA COLLEGIOVE;VIA COLLEGIOVE;;;Scontro frontale fra veicoli in marcia;Intersezione non regolata/non segnalata;Una carreggiata a doppio senso;Asciutto;Asfaltata;Verticale ed orizzontale;Sereno;Normale;Buona;Ore Diurne;0;0;0;2;12.42594;41.97526;-1;2;Velocipede;In marcia / fermata / arresto;Conducente;M;Illeso;0;;Esente;
3346843;2;10/06/2017 17:45;Strada Urbana;VIA SALARIA;in corrispondenza;;del civico n.;130;;Scontro laterale fra veicoli in marcia;Rettilineo;Una carreggiata a doppio senso;Asciutto;Asfaltata;Orizzontale;Sereno;Normale;Buona;Ore Diurne;0;0;0;2;12.49702;41.91591;-1;1;Autovettura privata;In marcia / fermata / arresto;Conducente;M;Illeso;0;;Non accertato;
3346843;2;10/06/2017 17:45;Strada Urbana;VIA SALARIA;in corrispondenza;;del civico n.;130;;Scontro laterale fra veicoli in marcia;Rettilineo;Una carreggiata a doppio senso;Asciutto;Asfaltata;Orizzontale;Sereno;Normale;Buona;Ore Diurne;0;0;0;2;12.49702;41.91591;-1;2;Motociclo a solo;In marcia / fermata / arresto;Conducente;M;Illeso;0;;;
3346862;20;09/06/2017 08:25;Statale entro l'abitato;VIA CASSIA;da specificare;;;;dir. Giustiniana int. rampa Gra prov. Aurelia;Scontro frontale/laterale DX fra veicoli in marcia;Rettilineo;Una carreggiata a doppio senso;Asciutto;Asfaltata;Verticale ed orizzontale;Sereno;Normale;Buona;Ore Diurne;0;0;0;3;12.42353;41.9773;-1;1;Autovettura privata;In marcia / fermata / arresto;Conducente;M;Illeso;0;;Non accertato;
3346862;20;09/06/2017 08:25;Statale entro l'abitato;VIA CASSIA;da specificare;;;;dir. Giustiniana int. rampa Gra prov. Aurelia;Scontro frontale/laterale DX fra veicoli in marcia;Rettilineo;Una carreggiata a doppio senso;Asciutto;Asfaltata;Verticale ed orizzontale;Sereno;Normale;Buona;Ore Diurne;0;0;0;3;12.42353;41.9773;-1;2;Autocarro inferiore 35 q.;In marcia / fermata / arresto;Conducente;F;Illeso;0;;Non accertato;
3346862;20;09/06/2017 08:25;Statale entro l'abitato;VIA CASSIA;da specificare;;;;dir. Giustiniana int. rampa Gra prov. Aurelia;Scontro frontale/laterale DX fra veicoli in marcia;Rettilineo;Una carreggiata a doppio senso;Asciutto;Asfaltata;Verticale ed orizzontale;Sereno;Normale;Buona;Ore Diurne;0;0;0;3;12.42353;41.9773;-1;2;Autocarro inferiore 35 q.;In marcia / fermata / arresto;Passeggero;M;Illeso;0;;Non accertato;
3346955;7;10/06/2017 19:45;Strada Urbana;VIALE ALESSANDRINO;in prossimità;;del civico n.;294;;Tamponamento;Rettilineo;Una carreggiata a doppio senso;Asciutto;Asfaltata;Orizzontale;Sereno;Normale;Buona;Ore Diurne;0;0;0;2;12.5793;41.87544;-1;1;Autovettura privata;In marcia / fermata / arresto;Conducente;M;Illeso;0;;;
3346955;7;10/06/2017 19:45;Strada Urbana;VIALE ALESSANDRINO;in prossimità;;del civico n.;294;;Tamponamento;Rettilineo;Una carreggiata a doppio senso;Asciutto;Asfaltata;Orizzontale;Sereno;Normale;Buona;Ore Diurne;0;0;0;2;12.5793;41.87544;-1;2;Autovettura privata;In marcia / fermata / arresto;Conducente;M;Illeso;0;;;
3346986;20;10/06/2017 21:00;Strada Urbana;VIA DEL FORO ITALICO;da specificare;;;;dir. Stadio prox svincolo v.le Tor di Quinto;Tamponamento;Rettilineo;Due carreggiate;Asciutto;Asfaltata;Verticale ed orizzontale;Sereno;Normale;Buona;Sufficiente;2;0;0;0;12.48375;41.93991;-1;1;Motociclo con passeggero;In marcia / fermata / arresto;Conducente;M;Rimandato;0;NON DECEDUTO;Non accertato;
3346986;20;10/06/2017 21:00;Strada Urbana;VIA DEL FORO ITALICO;da specificare;;;;dir. Stadio prox svincolo v.le Tor di Quinto;Tamponamento;Rettilineo;Due carreggiate;Asciutto;Asfaltata;Verticale ed orizzontale;Sereno;Normale;Buona;Sufficiente;2;0;0;0;12.48375;41.93991;-1;1;Motociclo con passeggero;In marcia / fermata / arresto;Passeggero;F;Rimandato;0;NON DECEDUTO;Non accertato;
3347048;6;10/06/2017 11:30;Strada Urbana;VIA CASILINA;all'intersezione con;VIA IGNAZIO DANTI;VIA IGNAZIO DANTI;;;Scontro laterale fra veicoli in marcia;Incrocio;Due carreggiate;Asciutto;Asfaltata;Verticale ed orizzontale;Sereno;Normale;Sufficiente;Ore Diurne;1;0;0;2;12.53199;41.88381;-1;1;Motociclo a solo;In marcia / fermata / arresto;Conducente;F;Rifiuta cure immediate;0;NON DECEDUTO;Non accertato;
3347048;6;10/06/2017 11:30;Strada Urbana;VIA CASILINA;all'intersezione con;VIA IGNAZIO DANTI;VIA IGNAZIO DANTI;;;Scontro laterale fra veicoli in marcia;Incrocio;Due carreggiate;Asciutto;Asfaltata;Verticale ed orizzontale;Sereno;Normale;Sufficiente;Ore Diurne;1;0;0;2;12.53199;41.88381;-1;2;Autovettura privata;In marcia / fermata / arresto;Conducente;M;Illeso;0;;;
3347048;6;10/06/2017 11:30;Strada Urbana;VIA CASILINA;all'intersezione con;VIA IGNAZIO DANTI;VIA IGNAZIO DANTI;;;Scontro laterale fra veicoli in marcia;Incrocio;Due carreggiate;Asciutto;Asfaltata;Verticale ed orizzontale;Sereno;Normale;Sufficiente;Ore Diurne;1;0;0;2;12.53199;41.88381;-1;2;Autovettura privata;In marcia / fermata / arresto;Passeggero;M;Illeso;0;;Non accertato;Inesploso
3347056;6;10/06/2017 12:30;Strada Urbana;VIALE IRPINIA;da specificare;;;;FRONTE CIVICO 7;Veicolo in marcia contro veicolo fermo;Rettilineo;Due carreggiate;Asciutto;Asfaltata;Verticale ed orizzontale;Sereno;Normale;Buona;Ore Diurne;0;0;0;1;12.54993;41.89273;-1;1;Autovettura privata;In marcia / fermata / arresto;Conducente;M;Illeso;0;;;
3347061;6;10/06/2017 13:00;Strada Urbana;VIA PRENESTINA;da specificare;;;;ALTEZZA VIALE SERENISSIMA;Scontro frontale/laterale DX fra veicoli in marcia;Rettilineo;Più di due carreggiate;Asciutto;Asfaltata;Verticale ed orizzontale;Sereno;Normale;Buona;Ore Diurne;0;0;0;2;12.55883;41.89482;-1;1;Autovettura privata;In marcia / fermata / arresto;Conducente;M;Illeso;0;;;
3347061;6;10/06/2017 13:00;Strada Urbana;VIA PRENESTINA;da specificare;;;;ALTEZZA VIALE SERENISSIMA;Scontro frontale/laterale DX fra veicoli in marcia;Rettilineo;Più di due carreggiate;Asciutto;Asfaltata;Verticale ed orizzontale;Sereno;Normale;Buona;Ore Diurne;0;0;0;2;12.55883;41.89482;-1;2;Autovettura privata;In marcia / fermata / arresto;Conducente;M;Illeso;0;;;
3347073;6;10/06/2017 14:15;Strada Urbana;VIA DINO PENAZZATO;in corrispondenza;;del civico n.;85E;;Veicolo in marcia contro veicolo in sosta;Rettilineo;Una carreggiata a doppio senso;Asciutto;Asfaltata;Assente;Sereno;Scarso;Buona;Ore Diurne;0;0;0;1;12.56501;41.89796;-1;2;Autovettura privata;In marcia / fermata / arresto;Conducente;M;Illeso;0;;;
3347194;8;10/06/2017 23:20;Provinciale entro l'abitato;VIA PRENESTINA;in prossimità;;del civico n.;1056;;Investimento di pedone;Pendenza;Una carreggiata a doppio senso;Asciutto;Asfaltata;Verticale;Sereno;Scarso;Insufficiente;Insufficiente;2;0;0;0;12.60955;41.8935;-1;;;;Pedone;M;Rimandato;0;NON DECEDUTO;;
3347194;8;10/06/2017 23:20;Provinciale entro l'abitato;VIA PRENESTINA;in prossimità;;del civico n.;1056;;Investimento di pedone;Pendenza;Una carreggiata a doppio senso;Asciutto;Asfaltata;Verticale;Sereno;Scarso;Insufficiente;Insufficiente;2;0;0;0;12.60955;41.8935;-1;1;Motociclo a solo;In marcia / fermata / arresto;Conducente;M;Rimandato;0;NON DECEDUTO;;
3347198;20;10/06/2017 16:45;Strada Urbana;VIA CASSIA NUOVA;da specificare;;;;pross. via Oriolo Romano dir. Corso di Francia;Scontro frontale fra veicoli in marcia;Rettilineo;Una carreggiata a doppio senso;Asciutto;Asfaltata;Verticale ed orizzontale;Sereno;Normale;Buona;Ore Diurne;1;0;0;1;12.46765;41.95132;-1;1;Veicolo speciale;In marcia / fermata / arresto;Conducente;M;Illeso;0;;Non accertato;
3347198;20;10/06/2017 16:45;Strada Urbana;VIA CASSIA NUOVA;da specificare;;;;pross. via Oriolo Romano dir. Corso di Francia;Scontro frontale fra veicoli in marcia;Rettilineo;Una carreggiata a doppio senso;Asciutto;Asfaltata;Verticale ed orizzontale;Sereno;Normale;Buona;Ore Diurne;1;0;0;1;12.46765;41.95132;-1;2;Motociclo a solo;In marcia / fermata / arresto;Conducente;M;Rimandato;0;NON DECEDUTO;Non accertato;
3347214;20;10/06/2017 14:45;Regionale entro l'abitato;VIA CASSIA;in prossimità;;della chilometrica;13.7;;Scontro laterale fra veicoli in marcia;Rettilineo;Una carreggiata a doppio senso;Asciutto;Asfaltata;Verticale ed orizzontale;Nebbia;Intenso;Buona;Ore Diurne;0;0;0;4;12.41323;41.98292;-1;1;Autovettura privata;In marcia / fermata / arresto;Conducente;M;Illeso;0;;Non accertato;
3347214;20;10/06/2017 14:45;Regionale entro l'abitato;VIA CASSIA;in prossimità;;della chilometrica;13.7;;Scontro laterale fra veicoli in marcia;Rettilineo;Una carreggiata a doppio senso;Asciutto;Asfaltata;Verticale ed orizzontale;Nebbia;Intenso;Buona;Ore Diurne;0;0;0;4;12.41323;41.98292;-1;1;Autovettura privata;In marcia / fermata / arresto;Passeggero;F;Illeso;0;;Non accertato;
3347214;20;10/06/2017 14:45;Regionale entro l'abitato;VIA CASSIA;in prossimità;;della chilometrica;13.7;;Scontro laterale fra veicoli in marcia;Rettilineo;Una carreggiata a doppio senso;Asciutto;Asfaltata;Verticale ed orizzontale;Nebbia;Intenso;Buona;Ore Diurne;0;0;0;4;12.41323;41.98292;-1;1;Autovettura privata;In marcia / fermata / arresto;Passeggero;F;Illeso;0;;Non accertato;
3347214;20;10/06/2017 14:45;Regionale entro l'abitato;VIA CASSIA;in prossimità;;della chilometrica;13.7;;Scontro laterale fra veicoli in marcia;Rettilineo;Una carreggiata a doppio senso;Asciutto;Asfaltata;Verticale ed orizzontale;Nebbia;Intenso;Buona;Ore Diurne;0;0;0;4;12.41323;41.98292;-1;2;Motociclo a solo;In marcia / fermata / arresto;Conducente;M;Illeso;0;;Non accertato;
3347219;20;10/06/2017 17:09;Strada Urbana;VIALE DEL FORO ITALICO;da specificare;;;;rampa direzione Ministero AA EE;Veicolo in marcia contro ostacolo fisso;Curva a visuale libera;Una carreggiata a senso unico di marcia;Asciutto;Asfaltata;Orizzontale;Sereno;Normale;Buona;Ore Diurne;0;0;0;1;12.45794;41.93227;-1;1;Autovettura privata;In marcia / fermata / arresto;Conducente;F;Illeso;0;;Non accertato;
3347222;20;10/06/2017 16:45;Regionale entro l'abitato;VIA CASSIA NUOVA;in prossimità;;del civico n.;48;;Scontro laterale fra veicoli in marcia;Curva a visuale libera;Una carreggiata a doppio senso;Asciutto;Asfaltata;Verticale;Sereno;Normale;Buona;Ore Diurne;0;0;0;2;12.46904;41.95022;-1;1;Autovettura privata;In marcia / fermata / arresto;Conducente;M;Illeso;0;;Non accertato;
3347222;20;10/06/2017 16:45;Regionale entro l'abitato;VIA CASSIA NUOVA;in prossimità;;del civico n.;48;;Scontro laterale fra veicoli in marcia;Curva a visuale libera;Una carreggiata a doppio senso;Asciutto;Asfaltata;Verticale;Sereno;Normale;Buona;Ore Diurne;0;0;0;2;12.46904;41.95022;-1;2;Autovettura privata;In marcia / fermata / arresto;Conducente;M;Illeso;0;;Non accertato;
3347224;2;10/06/2017 12:47;Strada Urbana;VIALE DEL VIGNOLA;all'intersezione con;VIA ANDREA BREGNO;VIA ANDREA BREGNO;;;Scontro frontale/laterale DX fra veicoli in marcia;Incrocio;Due carreggiate;Asciutto;Asfaltata;Verticale ed orizzontale;Sereno;Normale;Buona;Ore Diurne;0;0;0;4;12.46633;41.92534;-1;1;Autovettura privata;In marcia / fermata / arresto;Conducente;M;Illeso;0;;Non accertato;Inesploso
3347224;2;10/06/2017 12:47;Strada Urbana;VIALE DEL VIGNOLA;all'intersezione con;VIA ANDREA BREGNO;VIA ANDREA BREGNO;;;Scontro frontale/laterale DX fra veicoli in marcia;Incrocio;Due carreggiate;Asciutto;Asfaltata;Verticale ed orizzontale;Sereno;Normale;Buona;Ore Diurne;0;0;0;4;12.46633;41.92534;-1;1;Autovettura privata;In marcia / fermata / arresto;Passeggero;M;Illeso;0;;Non accertato;Inesploso
3347224;2;10/06/2017 12:47;Strada Urbana;VIALE DEL VIGNOLA;all'intersezione con;VIA ANDREA BREGNO;VIA ANDREA BREGNO;;;Scontro frontale/laterale DX fra veicoli in marcia;Incrocio;Due carreggiate;Asciutto;Asfaltata;Verticale ed orizzontale;Sereno;Normale;Buona;Ore Diurne;0;0;0;4;12.46633;41.92534;-1;2;Autocarro inferiore 35 q.;In marcia / fermata / arresto;Conducente;M;Illeso;0;;Non accertato;Inesploso
3347224;2;10/06/2017 12:47;Strada Urbana;VIALE DEL VIGNOLA;all'intersezione con;VIA ANDREA BREGNO;VIA ANDREA BREGNO;;;Scontro frontale/laterale DX fra veicoli in marcia;Incrocio;Due carreggiate;Asciutto;Asfaltata;Verticale ed orizzontale;Sereno;Normale;Buona;Ore Diurne;0;0;0;4;12.46633;41.92534;-1;2;Autocarro inferiore 35 q.;In marcia / fermata / arresto;Passeggero;M;Illeso;0;;Non accertato;Inesploso
3347230;20;10/06/2017 11:00;Strada Urbana;VIA DI VALLE MURICANA;in prossimità;;del civico n.;584;;Scontro laterale fra veicoli in marcia;Curva a visuale libera;Una carreggiata a doppio senso;Asciutto;Asfaltata;Verticale ed orizzontale;Sereno;Normale;Buona;Ore Diurne;0;0;0;4;12.46981;42.03319;-1;1;Autovettura privata;In marcia / fermata / arresto;Conducente;M;Illeso;0;;Non accertato;
3347230;20;10/06/2017 11:00;Strada Urbana;VIA DI VALLE MURICANA;in prossimità;;del civico n.;584;;Scontro laterale fra veicoli in marcia;Curva a visuale libera;Una carreggiata a doppio senso;Asciutto;Asfaltata;Verticale ed orizzontale;Sereno;Normale;Buona;Ore Diurne;0;0;0;4;12.46981;42.03319;-1;1;Autovettura privata;In marcia / fermata / arresto;Passeggero;F;Illeso;0;;Non accertato;
3347230;20;10/06/2017 11:00;Strada Urbana;VIA DI VALLE MURICANA;in prossimità;;del civico n.;584;;Scontro laterale fra veicoli in marcia;Curva a visuale libera;Una carreggiata a doppio senso;Asciutto;Asfaltata;Verticale ed orizzontale;Sereno;Normale;Buona;Ore Diurne;0;0;0;4;12.46981;42.03319;-1;1;Autovettura privata;In marcia / fermata / arresto;Passeggero;F;Illeso;0;;Non accertato;