Protocollo;Gruppo;DataOraIncidente;Localizzazione1;STRADA1;Localizzazione2;STRADA2;Strada02;Chilometrica;DaSpecificare;NaturaIncidente;particolaritastrade;TipoStrada;FondoStradale;Pavimentazione;Segnaletica;CondizioneAtmosferica;Traffico;Visibilita;Illuminazione;NUM_FERITI;NUM_RISERVATA;NUM_MORTI;NUM_ILLESI;Longitudine;Latitudine;Confermato;Progressivo;TipoVeicolo;StatoVeicolo;TipoPersona;Sesso;Tipolesione;Deceduto;DecedutoDopo;CinturaCascoUtilizzato;Airbag
3353813;23;14/06/2017 17:00;Strada Urbana;VIALE AVIGNONE;in corrispondenza;;del civico n.;78;;Scontro frontale fra veicoli in marcia;Rettilineo;Una carreggiata a doppio senso;Asciutto;Asfaltata;Verticale ed orizzontale;Sereno;Scarso;Buona;Ore Diurne;0;0;0;2;12.45625;41.81959;-1;2;Autovettura privata;In marcia / fermata / arresto;Conducente;F;Illeso;0;;Non accertato;Inesploso
3353830;1;14/06/2017 18:25;Strada Urbana;VIA AVENTINA;in prossimità;;del civico n.;3;;Scontro laterale fra veicoli in marcia;Rettilineo;Una carreggiata a doppio senso;Asciutto;Asfaltata;Verticale ed orizzontale;Sereno;Scarso;Buona;Ore Diurne;0;0;0;2;12.48666;41.88174;-1;1;Veicolo speciale;In marcia / fermata / arresto;Conducente;M;Illeso;0;;;
3353830;1;14/06/2017 18:25;Strada Urbana;VIA AVENTINA;in prossimità;;del civico n.;3;;Scontro laterale fra veicoli in marcia;Rettilineo;Una carreggiata a doppio senso;Asciutto;Asfaltata;Verticale ed orizzontale;Sereno;Scarso;Buona;Ore Diurne;0;0;0;2;12.48666;41.88174;-1;2;Autovettura privata;In marcia / fermata / arresto;Conducente;F;Illeso;0;;;
3353877;1;15/06/2017 00:20;Strada Urbana;VIA VENTIQUATTRO MAGGIO;all'intersezione con;PIAZZA DEL QUIRINALE;PIAZZA DEL QUIRINALE;;;Scontro frontale fra veicoli in marcia;Intersezione non regolata/non segnalata;Una carreggiata a doppio senso;Asciutto;In cubetti di porfido;Orizzontale;Sereno;Scarso;Sufficiente;Sufficiente;1;0;0;1;12.48676;41.89886;-1;1;Velocipede;In marcia / fermata / arresto;Conducente;F;Rimandato;0;NON DECEDUTO;Esente;
3353877;1;15/06/2017 00:20;Strada Urbana;VIA VENTIQUATTRO MAGGIO;all'intersezione con;PIAZZA DEL QUIRINALE;PIAZZA DEL QUIRINALE;;;Scontro frontale fra veicoli in marcia;Intersezione non regolata/non segnalata;Una carreggiata a doppio senso;Asciutto;In cubetti di porfido;Orizzontale;Sereno;Scarso;Sufficiente;Sufficiente;1;0;0;1;12.48676;41.89886;-1;2;Autovettura pubblica;In marcia / fermata / arresto;Conducente;M;Illeso;0;;;
3353898;2;14/06/2017 08:50;Strada Urbana;VIA TAGLIAMENTO;in prossimità;;del civico n.;29;;Investimento di pedone;Rettilineo;Una carreggiata a doppio senso;Asciutto;Asfaltata;Verticale ed orizzontale;Sereno;Intenso;Buona;Ore Diurne;1;0;0;2;12.50248;41.91991;-1;;;;Pedone;F;Illeso;0;;;
3353898;2;14/06/2017 08:50;Strada Urbana;VIA TAGLIAMENTO;in prossimità;;del civico n.;29;;Investimento di pedone;Rettilineo;Una carreggiata a doppio senso;Asciutto;Asfaltata;Verticale ed orizzontale;Sereno;Intenso;Buona;Ore Diurne;1;0;0;2;12.50248;41.91991;-1;1;Motociclo a solo;In marcia / fermata / arresto;Conducente;M;Rimandato;0;NON DECEDUTO;;
3353898;2;14/06/2017 08:50;Strada Urbana;VIA TAGLIAMENTO;in prossimità;;del civico n.;29;;Investimento di pedone;Rettilineo;Una carreggiata a doppio senso;Asciutto;Asfaltata;Verticale ed orizzontale;Sereno;Intenso;Buona;Ore Diurne;1;0;0;2;12.50248;41.91991;-1;2;Autovettura privata;In marcia / fermata / arresto;Conducente;M;Illeso;0;;Non accertato;Inesploso
3353904;2;14/06/2017 11:00;Strada Urbana;VIA ULISSE ALDROVANDI;all'intersezione semaforizzata con;VIA DI VILLA SACCHETTI;VIA DI VILLA SACCHETTI;;;Ribaltamento senza urto contro ostacolo fisso;Intersezione semaforizzata;Una carreggiata a doppio senso;Asciutto;Asfaltata;Verticale ed orizzontale;Sereno;Normale;Buona;Ore Diurne;1;0;0;1;12.48665;41.91938;-1;1;Motociclo a solo;In marcia / fermata / arresto;Conducente;M;Rimandato;0;NON DECEDUTO;;
3353904;2;14/06/2017 11:00;Strada Urbana;VIA ULISSE ALDROVANDI;all'intersezione semaforizzata con;VIA DI VILLA SACCHETTI;VIA DI VILLA SACCHETTI;;;Ribaltamento senza urto contro ostacolo fisso;Intersezione semaforizzata;Una carreggiata a doppio senso;Asciutto;Asfaltata;Verticale ed orizzontale;Sereno;Normale;Buona;Ore Diurne;1;0;0;1;12.48665;41.91938;-1;2;Autovettura privata;In marcia / fermata / arresto;Conducente;M;Illeso;0;;;
3353913;4;15/06/2017 00:12;Provinciale entro l'abitato;VIA NOMENTANA;in prossimità;;del civico n.;566;;Veicolo in marcia contro veicolo in sosta;Curva a visuale libera;Una carreggiata a doppio senso;Asciutto;Asfaltata;Verticale ed orizzontale;Sereno;Scarso;Buona;Sufficiente;0;0;0;1;12.53923;41.93671;-1;1;Autovettura privata;In marcia / fermata / arresto;Conducente;M;Illeso;0;;;
3353915;9;15/06/2017 10:45;Strada Urbana;VIA MATERA;all'intersezione con;VIA NICASTRO;VIA NICASTRO;;;Scontro laterale fra veicoli in marcia;Incrocio;Una carreggiata a doppio senso;Asciutto;Asfaltata;Assente;Sereno;Scarso;Buona;Ore Diurne;0;0;0;2;12.51875;41.88239;-1;1;Autovettura privata;In marcia / fermata / arresto;Conducente;F;Illeso;0;;Non accertato;
3353915;9;15/06/2017 10:45;Strada Urbana;VIA MATERA;all'intersezione con;VIA NICASTRO;VIA NICASTRO;;;Scontro laterale fra veicoli in marcia;Incrocio;Una carreggiata a doppio senso;Asciutto;Asfaltata;Assente;Sereno;Scarso;Buona;Ore Diurne;0;0;0;2;12.51875;41.88239;-1;2;Motociclo a solo;In marcia / fermata / arresto;Conducente;F;Illeso;0;;Non accertato;
3353918;1;09/06/2017 11:40;Strada Urbana;VIA ALDO MANUZIO;in prossimità;;del civico n.;,,;;Scontro laterale fra veicoli in marcia;Rettilineo;Una carreggiata a doppio senso;Asciutto;Asfaltata;Verticale ed orizzontale;Sereno;Normale;Buona;Ore Diurne;0;0;0;2;12.47464;41.87826;-1;1;Motociclo a solo;In marcia / fermata / arresto;Conducente;M;Illeso;0;;;
3353918;1;09/06/2017 11:40;Strada Urbana;VIA ALDO MANUZIO;in prossimità;;del civico n.;,,;;Scontro laterale fra veicoli in marcia;Rettilineo;Una carreggiata a doppio senso;Asciutto;Asfaltata;Verticale ed orizzontale;Sereno;Normale;Buona;Ore Diurne;0;0;0;2;12.47464;41.87826;-1;2;Motociclo a solo;In marcia / fermata / arresto;Conducente;M;Illeso;0;;;
3353923;19;14/06/2017 18:00;Strada Urbana;VIA DELLA TORRE DI SPIZZICHINO;da specificare;;;;fronte civ. 67;Scontro laterale fra veicoli in marcia;Rettilineo;Una carreggiata a doppio senso;Asciutto;Strada pavimentata dissestata;Assente;Sereno;Scarso;Buona;Ore Diurne;0;0;0;2;12.39057;41.99262;-1;1;Autocarro inferiore 35 q.;In marcia / fermata / arresto;Conducente;M;Illeso;0;;Non accertato;Inesploso
3353923;19;14/06/2017 18:00;Strada Urbana;VIA DELLA TORRE DI SPIZZICHINO;da specificare;;;;fronte civ. 67;Scontro laterale fra veicoli in marcia;Rettilineo;Una carreggiata a doppio senso;Asciutto;Strada pavimentata dissestata;Assente;Sereno;Scarso;Buona;Ore Diurne;0;0;0;2;12.39057;41.99262;-1;2;Motociclo a solo;In marcia / fermata / arresto;Conducente;M;Illeso;0;;Non accertato;
3353934;2;14/06/2017 12:40;Strada Urbana;VIALE SOMALIA;in prossimità;;del civico n.;110;;Veicolo in marcia contro veicolo in sosta;Rettilineo;Una carreggiata a doppio senso;Asciutto;Asfaltata;Verticale ed orizzontale;Sereno;Normale;Buona;Ore Diurne;0;0;0;1;12.51659;41.93574;-1;1;Autovettura privata;In marcia / fermata / arresto;Conducente;F;Illeso;0;;Non accertato;Inesploso
3353936;2;14/06/2017 13:05;Strada Urbana;VIA DOMENICO ALBERTO AZUNI;all'intersezione con;VIA GIUSEPPE PISANELLI;VIA GIUSEPPE PISANELLI;;;Ribaltamento senza urto contro ostacolo fisso;Incrocio;Più di due carreggiate;Asciutto;Asfaltata;Verticale ed orizzontale;Sereno;Normale;Buona;Ore Diurne;0;0;0;2;12.47276;41.9148;-1;1;Motociclo a solo;In marcia / fermata / arresto;Conducente;M;Illeso;0;;Non accertato;
3353936;2;14/06/2017 13:05;Strada Urbana;VIA DOMENICO ALBERTO AZUNI;all'intersezione con;VIA GIUSEPPE PISANELLI;VIA GIUSEPPE PISANELLI;;;Ribaltamento senza urto contro ostacolo fisso;Incrocio;Più di due carreggiate;Asciutto;Asfaltata;Verticale ed orizzontale;Sereno;Normale;Buona;Ore Diurne;0;0;0;2;12.47276;41.9148;-1;2;Autovettura pubblica;In marcia / fermata / arresto;Conducente;M;Illeso;0;;Non accertato;Inesploso
3353939;19;14/06/2017 21:15;Strada Urbana;VIA MARIO FANI;all'intersezione con;VIA STRESA;VIA STRESA;;;Scontro frontale/laterale DX fra veicoli in marcia;Incrocio;Una carreggiata a doppio senso;Asciutto;Asfaltata;Verticale ed orizzontale;Sereno;Normale;Buona;Sufficiente;0;0;0;3;12.44093;41.93706;-1;1;Autovettura privata;In marcia / fermata / arresto;Conducente;F;Illeso;0;;Non accertato;Inesploso
3353939;19;14/06/2017 21:15;Strada Urbana;VIA MARIO FANI;all'intersezione con;VIA STRESA;VIA STRESA;;;Scontro frontale/laterale DX fra veicoli in marcia;Incrocio;Una carreggiata a doppio senso;Asciutto;Asfaltata;Verticale ed orizzontale;Sereno;Normale;Buona;Sufficiente;0;0;0;3;12.44093;41.93706;-1;1;Autovettura privata;In marcia / fermata / arresto;Passeggero;M;Illeso;0;;Non accertato;Inesploso
3353939;19;14/06/2017 21:15;Strada Urbana;VIA MARIO FANI;all'intersezione con;VIA STRESA;VIA STRESA;;;Scontro frontale/laterale DX fra veicoli in marcia;Incrocio;Una carreggiata a doppio senso;Asciutto;Asfaltata;Verticale ed orizzontale;Sereno;Normale;Buona;Sufficiente;0;0;0;3;12.44093;41.93706;-1;2;Motociclo a solo;In marcia / fermata / arresto;Conducente;M;Illeso;0;;Non accertato;
3353940;20;15/06/2017 10:35;Regionale entro l'abitato;VIA CASSIA;in prossimità;;del civico n.;487;;Tamponamento;Curva senza visuale libera;Una carreggiata a doppio senso;Asciutto;Asfaltata;Orizzontale;Sereno;Normale;Buona;Ore Diurne;2;0;0;1;12.45417;41.9587;-1;1;Autovettura privata;In marcia / fermata / arresto;Conducente;M;Rifiuta cure immediate;0;NON DECEDUTO;Non accertato;Inesploso
3353940;20;15/06/2017 10:35;Regionale entro l'abitato;VIA CASSIA;in prossimità;;del civico n.;487;;Tamponamento;Curva senza visuale libera;Una carreggiata a doppio senso;Asciutto;Asfaltata;Orizzontale;Sereno;Normale;Buona;Ore Diurne;2;0;0;1;12.45417;41.9587;-1;1;Autovettura privata;In marcia / fermata / arresto;Passeggero;M;Rimandato;0;NON DECEDUTO;Non accertato;Inesploso
3353940;20;15/06/2017 10:35;Regionale entro l'abitato;VIA CASSIA;in prossimità;;del civico n.;487;;Tamponamento;Curva senza visuale libera;Una carreggiata a doppio senso;Asciutto;Asfaltata;Orizzontale;Sereno;Normale;Buona;Ore Diurne;2;0;0;1;12.45417;41.9587;-1;2;Autocarro inferiore 35 q.;In marcia / fermata / arresto;Conducente;M;Illeso;0;;Non accertato;Inesploso
3353941;2;14/06/2017 15:45;Strada Urbana;VIA RUBICONE;all'intersezione con;VIA GARIGLIANO;VIA GARIGLIANO;;;Scontro frontale/laterale SX fra veicoli in marcia;Incrocio;Più di due carreggiate;Asciutto;Asfaltata;Verticale ed orizzontale;Sereno;Scarso;Buona;Ore Diurne;1;0;0;1;12.50076;41.92004;-1;1;Motociclo a solo;In marcia / fermata / arresto;Conducente;M;Rimandato;0;NON DECEDUTO;;
3353941;2;14/06/2017 15:45;Strada Urbana;VIA RUBICONE;all'intersezione con;VIA GARIGLIANO;VIA GARIGLIANO;;;Scontro frontale/laterale SX fra veicoli in marcia;Incrocio;Più di due carreggiate;Asciutto;Asfaltata;Verticale ed orizzontale;Sereno;Scarso;Buona;Ore Diurne;1;0;0;1;12.50076;41.92004;-1;2;Autovettura privata;In marcia / fermata / arresto;Conducente;M;Illeso;0;;Non accertato;Inesploso
3353946;2;14/06/2017 17:30;Strada Urbana;VIALE MARESCIALLO PILSUDSKI;in prossimità;;del palo luce n.;40;;Veicolo in marcia contro ostacolo fisso;Rettilineo;Una carreggiata a senso unico alternato;Asciutto;Asfaltata;Verticale ed orizzontale;Sereno;Normale;Buona;Ore Diurne;1;0;0;0;12.47576;41.92799;-1;1;Autovettura privata;In marcia / fermata / arresto;Conducente;M;Rimandato;0;NON DECEDUTO;;
3353960;1;15/06/2017 04:40;Strada Urbana;LUNGOTEVERE DE' CENCI;all'intersezione semaforizzata con;PONTE GARIBALDI;PONTE GARIBALDI;;;Scontro frontale/laterale SX fra veicoli in marcia;Intersezione semaforizzata;Una carreggiata a senso unico di marcia;Asciutto;Asfaltata;Verticale ed orizzontale;Sereno;Scarso;Buona;Sufficiente;1;0;0;1;12.47647;41.89194;-1;1;Autovettura privata;In marcia / fermata / arresto;Conducente;M;Illeso;0;;Non accertato;Inesistente
3353960;1;15/06/2017 04:40;Strada Urbana;LUNGOTEVERE DE' CENCI;all'intersezione semaforizzata con;PONTE GARIBALDI;PONTE GARIBALDI;;;Scontro frontale/laterale SX fra veicoli in marcia;Intersezione semaforizzata;Una carreggiata a senso unico di marcia;Asciutto;Asfaltata;Verticale ed orizzontale;Sereno;Scarso;Buona;Sufficiente;1;0;0;1;12.47647;41.89194;-1;2;Autovettura privata;In marcia / fermata / arresto;Conducente;F;Rimandato;0;NON DECEDUTO;Non accertato;
3353966;2;15/06/2017 03:00;Strada Urbana;VIA FLAMINIA;in prossimità;;del civico n.;1260;;Veicolo in marcia contro ostacolo fisso;Rettilineo;Una carreggiata a doppio senso;Asciutto;Asfaltata;Orizzontale;Sereno;Scarso;Sufficiente;Sufficiente;1;0;0;0;12.49623;41.99576;-1;1;Autovettura privata;In marcia / fermata / arresto;Conducente;M;Rimandato;0;NON DECEDUTO;Non accertato;Inesistente
3353976;7;15/06/2017 10:15;Strada Urbana;VIALE PALMIRO TOGLIATTI;da specificare;;;;altezza svincolo pross. palo luce n. 100;Scontro laterale fra veicoli in marcia;Rettilineo;Due carreggiate;Asciutto;Asfaltata;Verticale ed orizzontale;Sereno;Normale;Buona;Ore Diurne;0;0;0;3;12.57334;41.88718;-1;1;Autovettura privata;In marcia / fermata / arresto;Conducente;F;Illeso;0;;Non accertato;Inesploso
3353976;7;15/06/2017 10:15;Strada Urbana;VIALE PALMIRO TOGLIATTI;da specificare;;;;altezza svincolo pross. palo luce n. 100;Scontro laterale fra veicoli in marcia;Rettilineo;Due carreggiate;Asciutto;Asfaltata;Verticale ed orizzontale;Sereno;Normale;Buona;Ore Diurne;0;0;0;3;12.57334;41.88718;-1;2;Autovettura privata;In marcia / fermata / arresto;Conducente;M;Illeso;0;;Non accertato;Inesploso
3353976;7;15/06/2017 10:15;Strada Urbana;VIALE PALMIRO TOGLIATTI;da specificare;;;;altezza svincolo pross. palo luce n. 100;Scontro laterale fra veicoli in marcia;Rettilineo;Due carreggiate;Asciutto;Asfaltata;Verticale ed orizzontale;Sereno;Normale;Buona;Ore Diurne;0;0;0;3;12.57334;41.88718;-1;2;Autovettura privata;In marcia / fermata / arresto;Passeggero;M;Illeso;0;;Non accertato;Inesploso
3353990;3;14/06/2017 13:40;Strada Urbana;VIALE REGINA MARGHERITA;all'intersezione semaforizzata con;VIA NOMENTANA;VIA NOMENTANA;;;Scontro frontale/laterale SX fra veicoli in marcia;Intersezione semaforizzata;Più di due carreggiate;Asciutto;Asfaltata;Verticale ed orizzontale;Sereno;Normale;Buona;Ore Diurne;0;0;0;4;12.50663;41.91293;-1;1;Autovettura privata;In marcia / fermata / arresto;Conducente;F;Illeso;0;;Non accertato;Inesploso
3353990;3;14/06/2017 13:40;Strada Urbana;VIALE REGINA MARGHERITA;all'intersezione semaforizzata con;VIA NOMENTANA;VIA NOMENTANA;;;Scontro frontale/laterale SX fra veicoli in marcia;Intersezione semaforizzata;Più di due carreggiate;Asciutto;Asfaltata;Verticale ed orizzontale;Sereno;Normale;Buona;Ore Diurne;0;0;0;4;12.50663;41.91293;-1;2;Autovettura privata;In marcia / fermata / arresto;Conducente;M;Illeso;0;;Non accertato;Inesploso
3353990;3;14/06/2017 13:40;Strada Urbana;VIALE REGINA MARGHERITA;all'intersezione semaforizzata con;VIA NOMENTANA;VIA NOMENTANA;;;Scontro frontale/laterale SX fra veicoli in marcia;Intersezione semaforizzata;Più di due carreggiate;Asciutto;Asfaltata;Verticale ed orizzontale;Sereno;Normale;Buona;Ore Diurne;0;0;0;4;12.50663;41.91293;-1;2;Autovettura privata;In marcia / fermata / arresto;Passeggero;M;Illeso;0;;Non accertato;Inesploso
3353990;3;14/06/2017 13:40;Strada Urbana;VIALE REGINA MARGHERITA;all'intersezione semaforizzata con;VIA NOMENTANA;VIA NOMENTANA;;;Scontro frontale/laterale SX fra veicoli in marcia;Intersezione semaforizzata;Più di due carreggiate;Asciutto;Asfaltata;Verticale ed orizzontale;Sereno;Normale;Buona;Ore Diurne;0;0;0;4;12.50663;41.91293;-1;2;Autovettura privata;In marcia / fermata / arresto;Passeggero;F;Illeso;0;;Non accertato;Inesploso
3353991;17;14/06/2017 10:05;Strada Urbana;PONTE PIETRO NENNI;da specificare;;;;a mt. 60 circa da lgtv michelangelo;Scontro laterale fra veicoli in marcia;Rettilineo;Più di due carreggiate;Asciutto;Asfaltata;Verticale ed orizzontale;Sereno;Normale;Buona;Ore Diurne;1;0;0;1;12.47127;41.91203;-1;1;Autovettura di polizia;In marcia / fermata / arresto;Conducente;M;Illeso;0;;;
3353991;17;14/06/2017 10:05;Strada Urbana;PONTE PIETRO NENNI;da specificare;;;;a mt. 60 circa da lgtv michelangelo;Scontro laterale fra veicoli in marcia;Rettilineo;Più di due carreggiate;Asciutto;Asfaltata;Verticale ed orizzontale;Sereno;Normale;Buona;Ore Diurne;1;0;0;1;12.47127;41.91203;-1;2;Motociclo a solo;In marcia / fermata / arresto;Conducente;M;Ricoverato;0;NON DECEDUTO;;
3354019;17;14/06/2017 02:15;Strada Urbana;VIA FABIO MASSIMO;all'intersezione con;VIA DEI GRACCHI;VIA DEI GRACCHI;;;Scontro frontale/laterale SX fra veicoli in marcia;Incrocio;Una carreggiata a senso unico di marcia;Asciutto;Asfaltata;Verticale ed orizzontale;Sereno;Scarso;Buona;Ore Diurne;0;0;0;2;12.46222;41.90883;-1;1;Autovettura privata;In marcia / fermata / arresto;Conducente;F;Illeso;0;;;
3354019;17;14/06/2017 02:15;Strada Urbana;VIA FABIO MASSIMO;all'intersezione con;VIA DEI GRACCHI;VIA DEI GRACCHI;;;Scontro frontale/laterale SX fra veicoli in marcia;Incrocio;Una carreggiata a senso unico di marcia;Asciutto;Asfaltata;Verticale ed orizzontale;Sereno;Scarso;Buona;Ore Diurne;0;0;0;2;12.46222;41.90883;-1;2;Autovettura privata;In marcia / fermata / arresto;Conducente;M;Illeso;0;;;
3354037;3;14/06/2017 09:34;Strada Urbana;VIA RODOLFO LANCIANI;in corrispondenza;;del civico n.;73;;Scontro frontale/laterale SX fra veicoli in marcia;Rettilineo;Due carreggiate;Asciutto;Asfaltata;Verticale ed orizzontale;Sereno;Normale;Buona;Ore Diurne;1;0;0;0;12.52451;41.92137;-1;1;Ciclomotore;In marcia / fermata / arresto;Conducente;M;Rimandato;0;NON DECEDUTO;Non accertato;
3354046;3;14/06/2017 12:20;Strada Urbana;VIA DI S. ANGELA MERICI;da specificare;;;;fronte civico 100;Investimento di pedone;Curva a visuale libera;Una carreggiata a senso unico di marcia;Asciutto;Asfaltata;Verticale ed orizzontale;Sereno;Scarso;Buona;Ore Diurne;1;0;0;1;12.52603;41.92255;-1;;;;Pedone;M;Rimandato;0;NON DECEDUTO;;
3354046;3;14/06/2017 12:20;Strada Urbana;VIA DI S. ANGELA MERICI;da specificare;;;;fronte civico 100;Investimento di pedone;Curva a visuale libera;Una carreggiata a senso unico di marcia;Asciutto;Asfaltata;Verticale ed orizzontale;Sereno;Scarso;Buona;Ore Diurne;1;0;0;1;12.52603;41.92255;-1;1;Autovettura privata;In marcia / fermata / arresto;Conducente;M;Illeso;0;;Non accertato;
3354060;17;14/06/2017 15:45;Strada Urbana;VIA VIRGILIO;all'intersezione con;VIA BOEZIO;VIA BOEZIO;;;Scontro frontale/laterale DX fra veicoli in marcia;Incrocio;Una carreggiata a senso unico di marcia;Asciutto;Asfaltata;Verticale ed orizzontale;Sereno;Scarso;Buona;Ore Diurne;0;0;0;2;12.46563;41.90675;0;1;Autovettura privata;In marcia / fermata / arresto;Conducente;M;Illeso;0;;;
3354060;17;14/06/2017 15:45;Strada Urbana;VIA VIRGILIO;all'intersezione con;VIA BOEZIO;VIA BOEZIO;;;Scontro frontale/laterale DX fra veicoli in marcia;Incrocio;Una carreggiata a senso unico di marcia;Asciutto;Asfaltata;Verticale ed orizzontale;Sereno;Scarso;Buona;Ore Diurne;0;0;0;2;12.46563;41.90675;0;1;Autovettura privata;In marcia / fermata / arresto;Passeggero;M;Illeso;0;;;
3354062;3;14/06/2017 09:50;Strada Urbana;VIA CORNELIO CELSO;da specificare;;;;fr civ 18;Veicolo in marcia contro veicolo in sosta;Pendenza;Una carreggiata a senso unico di marcia;Asciutto;Asfaltata;Verticale ed orizzontale;Sereno;Scarso;Buona;Ore Diurne;1;0;0;1;12.51032;41.91186;-1;1;Motociclo a solo;In marcia / fermata / arresto;Conducente;M;Illeso;0;;Non accertato;
3354062;3;14/06/2017 09:50;Strada Urbana;VIA CORNELIO CELSO;da specificare;;;;fr civ 18;Veicolo in marcia contro veicolo in sosta;Pendenza;Una carreggiata a senso unico di marcia;Asciutto;Asfaltata;Verticale ed orizzontale;Sereno;Scarso;Buona;Ore Diurne;1;0;0;1;12.51032;41.91186;-1;1;Motociclo a solo;In marcia / fermata / arresto;Passeggero;M;Rimandato;0;NON DECEDUTO;Non accertato;
3354063;1;15/06/2017 08:45;Strada Urbana;VIA DEI DUE MACELLI;all'intersezione semaforizzata con;VIA DI CAPO LE CASE;VIA DI CAPO LE CASE;;;Veicolo in marcia contro ostacolo accidentale;Intersezione semaforizzata;Una carreggiata a senso unico di marcia;Asciutto;In cubetti di porfido;Verticale ed orizzontale;Sereno;Normale;Buona;Ore Diurne;0;0;0;1;12.48439;41.90386;-1;1;Motociclo a solo;In marcia / fermata / arresto;Conducente;M;Illeso;0;;;
3354078;3;14/06/2017 09:15;Strada Urbana;VIA BARTOLOMEO EUSTACHIO;all'intersezione con;VIA LAZZARO SPALLANZANI;VIA LAZZARO SPALLANZANI;;;Scontro frontale/laterale DX fra veicoli in marcia;Intersezione stradale segnalata;Una carreggiata a doppio senso;Asciutto;Asfaltata;Verticale ed orizzontale;Sereno;Normale;Buona;Ore Diurne;0;0;0;2;12.50936;41.91234;-1;1;Autovettura privata;In marcia / fermata / arresto;Conducente;F;Illeso;0;;Non accertato;Inesploso
3354078;3;14/06/2017 09:15;Strada Urbana;VIA BARTOLOMEO EUSTACHIO;all'intersezione con;VIA LAZZARO SPALLANZANI;VIA LAZZARO SPALLANZANI;;;Scontro frontale/laterale DX fra veicoli in marcia;Intersezione stradale segnalata;Una carreggiata a doppio senso;Asciutto;Asfaltata;Verticale ed orizzontale;Sereno;Normale;Buona;Ore Diurne;0;0;0;2;12.50936;41.91234;-1;2;Autovettura privata;In marcia / fermata / arresto;Conducente;M;Illeso;0;;Non accertato;Inesploso
3354112;17;14/06/2017 10:30;Strada Urbana;VIA DEGLI SCIPIONI;in corrispondenza;;del civico n.;132;;Scontro frontale/laterale DX fra veicoli in marcia;Rettilineo;Una carreggiata a senso unico di marcia;Asciutto;Asfaltata;Verticale ed orizzontale;Sereno;Normale;Buona;Ore Diurne;0;0;0;2;12.46083;41.90914;-1;1;Autovettura privata;In marcia / fermata / arresto;Conducente;F;Illeso;0;;;
3354112;17;14/06/2017 10:30;Strada Urbana;VIA DEGLI SCIPIONI;in corrispondenza;;del civico n.;132;;Scontro frontale/laterale DX fra veicoli in marcia;Rettilineo;Una carreggiata a senso unico di marcia;Asciutto;Asfaltata;Verticale ed orizzontale;Sereno;Normale;Buona;Ore Diurne;0;0;0;2;12.46083;41.90914;-1;2;Autovettura privata;In marcia / fermata / arresto;Conducente;M;Illeso;0;;;
3354120;1;14/06/2017 22:30;Strada Urbana;LUNGOTEVERE AVENTINO;da specificare;;;;ad alcuni metri da piazza dell'Emporio;Scontro laterale fra veicoli in marcia;Rettilineo;Due carreggiate;Asciutto;Asfaltata;Verticale ed orizzontale;Sereno;Scarso;Sufficiente;Ore Diurne;1;0;0;0;12.476;41.88301;-1;1;Velocipede;In marcia / fermata / arresto;Conducente;F;Ricoverato;0;NON DECEDUTO;Esente;
3354134;12;15/06/2017 10:20;Provinciale entro l'abitato;VIA LAURENTINA;da specificare;;;;direz. GRA fronte civ 569 pross. V.Sierra Nevada;Investimento di pedone;Pendenza;Due carreggiate;Asciutto;Asfaltata;Verticale ed orizzontale;Sereno;Intenso;Buona;Ore Diurne;3;0;0;4;12.47928;41.82381;-1;;;;Pedone;M;Rimandato;0;NON DECEDUTO;;
3354134;12;15/06/2017 10:20;Provinciale entro l'abitato;VIA LAURENTINA;da specificare;;;;direz. GRA fronte civ 569 pross. V.Sierra Nevada;Investimento di pedone;Pendenza;Due carreggiate;Asciutto;Asfaltata;Verticale ed orizzontale;Sereno;Intenso;Buona;Ore Diurne;3;0;0;4;12.47928;41.82381;-1;;;;Pedone;F;Ricoverato;0;NON DECEDUTO;;
3354134;12;15/06/2017 10:20;Provinciale entro l'abitato;VIA LAURENTINA;da specificare;;;;direz. GRA fronte civ 569 pross. V.Sierra Nevada;Investimento di pedone;Pendenza;Due carreggiate;Asciutto;Asfaltata;Verticale ed orizzontale;Sereno;Intenso;Buona;Ore Diurne;3;0;0;4;12.47928;41.82381;-1;;;;Pedone;F;Rimandato;0;NON DECEDUTO;;
3354134;12;15/06/2017 10:20;Provinciale entro l'abitato;VIA LAURENTINA;da specificare;;;;direz. GRA fronte civ 569 pross. V.Sierra Nevada;Investimento di pedone;Pendenza;Due carreggiate;Asciutto;Asfaltata;Verticale ed orizzontale;Sereno;Intenso;Buona;Ore Diurne;3;0;0;4;12.47928;41.82381;-1;1;Autovettura privata;In marcia / fermata / arresto;Conducente;F;Illeso;0;;Utilizzato;Inesploso
3354134;12;15/06/2017 10:20;Provinciale entro l'abitato;VIA LAURENTINA;da specificare;;;;direz. GRA fronte civ 569 pross. V.Sierra Nevada;Investimento di pedone;Pendenza;Due carreggiate;Asciutto;Asfaltata;Verticale ed orizzontale;Sereno;Intenso;Buona;Ore Diurne;3;0;0;4;12.47928;41.82381;-1;1;Autovettura privata;In marcia / fermata / arresto;Passeggero;F;Illeso;0;;Non accertato;Inesploso