Protocollo;Gruppo;DataOraIncidente;Localizzazione1;STRADA1;Localizzazione2;STRADA2;Strada02;Chilometrica;DaSpecificare;NaturaIncidente;particolaritastrade;TipoStrada;FondoStradale;Pavimentazione;Segnaletica;CondizioneAtmosferica;Traffico;Visibilita;Illuminazione;NUM_FERITI;NUM_RISERVATA;NUM_MORTI;NUM_ILLESI;Longitudine;Latitudine;Confermato;Progressivo;TipoVeicolo;StatoVeicolo;TipoPersona;Sesso;Tipolesione;Deceduto;DecedutoDopo;CinturaCascoUtilizzato;Airbag
3355383;13;15/06/2017 19:05;Strada Urbana;VIA DI DRAGONE;in corrispondenza;;del civico n.;190;;Scontro laterale fra veicoli in marcia;Rettilineo;Una carreggiata a doppio senso;Asciutto;Asfaltata;Assente;Sereno;Normale;Buona;Ore Diurne;0;0;0;2;12.33534;41.78008;-1;2;Autovettura privata;In marcia / fermata / arresto;Conducente;F;Illeso;0;;Non accertato;Inesploso
3355390;5;16/06/2017 01:40;Strada Urbana;VIA ACHILLE BENEDETTI;all'intersezione con;VIA FILIPPO MEDA;VIA FILIPPO MEDA;;;Scontro laterale fra veicoli in marcia;Incrocio;Una carreggiata a doppio senso;Asciutto;Asfaltata;Verticale ed orizzontale;Sereno;Scarso;Buona;Sufficiente;3;0;0;0;12.54355;41.9132;-1;1;Autovettura privata;In marcia / fermata / arresto;Conducente;M;Rimandato;0;NON DECEDUTO;Non accertato;Inesploso
3355390;5;16/06/2017 01:40;Strada Urbana;VIA ACHILLE BENEDETTI;all'intersezione con;VIA FILIPPO MEDA;VIA FILIPPO MEDA;;;Scontro laterale fra veicoli in marcia;Incrocio;Una carreggiata a doppio senso;Asciutto;Asfaltata;Verticale ed orizzontale;Sereno;Scarso;Buona;Sufficiente;3;0;0;0;12.54355;41.9132;-1;1;Autovettura privata;In marcia / fermata / arresto;Passeggero;F;Rimandato;0;NON DECEDUTO;Non accertato;Inesploso
3355390;5;16/06/2017 01:40;Strada Urbana;VIA ACHILLE BENEDETTI;all'intersezione con;VIA FILIPPO MEDA;VIA FILIPPO MEDA;;;Scontro laterale fra veicoli in marcia;Incrocio;Una carreggiata a doppio senso;Asciutto;Asfaltata;Verticale ed orizzontale;Sereno;Scarso;Buona;Sufficiente;3;0;0;0;12.54355;41.9132;-1;2;Autovettura privata;In marcia / fermata / arresto;Conducente;M;Rimandato;0;NON DECEDUTO;Non accertato;Inesploso
3355391;10;15/06/2017 23:50;Strada Urbana;VIALE PALMIRO TOGLIATTI;all'intersezione semaforizzata con;VIA CONTARDO FERRINI;VIA CONTARDO FERRINI;;;Veicolo in marcia contro ostacolo accidentale;Intersezione semaforizzata;Una carreggiata a senso unico di marcia;Asciutto;Asfaltata;Verticale ed orizzontale;Sereno;Scarso;Sufficiente;Sufficiente;0;0;0;2;12.57121;41.85734;-1;1;Autovettura privata;In marcia / fermata / arresto;Conducente;F;Illeso;0;;Non accertato;Inesploso
3355391;10;15/06/2017 23:50;Strada Urbana;VIALE PALMIRO TOGLIATTI;all'intersezione semaforizzata con;VIA CONTARDO FERRINI;VIA CONTARDO FERRINI;;;Veicolo in marcia contro ostacolo accidentale;Intersezione semaforizzata;Una carreggiata a senso unico di marcia;Asciutto;Asfaltata;Verticale ed orizzontale;Sereno;Scarso;Sufficiente;Sufficiente;0;0;0;2;12.57121;41.85734;-1;1;Autovettura privata;In marcia / fermata / arresto;Passeggero;M;Illeso;0;;Non accertato;Inesploso
3355393;11;16/06/2017 07:35;Strada Urbana;VIA LAURENTINA;da specificare;;;;prossimità fermata bus 72926 (laurentina-colombo);Scontro frontale fra veicoli in marcia;Rettilineo;Due carreggiate;Asciutto;Asfaltata;Verticale ed orizzontale;Sereno;Normale;Buona;Ore Diurne;1;0;0;1;12.47955;41.84543;-1;1;Autocarro inferiore 35 q.;In marcia / fermata / arresto;Conducente;M;Illeso;0;;Non accertato;Inesploso
3355393;11;16/06/2017 07:35;Strada Urbana;VIA LAURENTINA;da specificare;;;;prossimità fermata bus 72926 (laurentina-colombo);Scontro frontale fra veicoli in marcia;Rettilineo;Due carreggiate;Asciutto;Asfaltata;Verticale ed orizzontale;Sereno;Normale;Buona;Ore Diurne;1;0;0;1;12.47955;41.84543;-1;2;Motociclo a solo;In marcia / fermata / arresto;Conducente;M;Ricoverato;0;NON DECEDUTO;Non accertato;
3355394;4;15/06/2017 13:00;Strada Urbana;VIA CORTONA;da specificare;;;;prossimità Via di Villa Spada;Scontro frontale/laterale SX fra veicoli in marcia;Curva senza visuale libera;Una carreggiata a doppio senso;Asciutto;Asfaltata;Verticale ed orizzontale;Sereno;Scarso;Buona;Ore Diurne;0;0;0;2;12.50673;41.96787;-1;1;Autovettura privata;In marcia / fermata / arresto;Conducente;F;Illeso;0;;Non accertato;Inesploso
3355394;4;15/06/2017 13:00;Strada Urbana;VIA CORTONA;da specificare;;;;prossimità Via di Villa Spada;Scontro frontale/laterale SX fra veicoli in marcia;Curva senza visuale libera;Una carreggiata a doppio senso;Asciutto;Asfaltata;Verticale ed orizzontale;Sereno;Scarso;Buona;Ore Diurne;0;0;0;2;12.50673;41.96787;-1;2;Autovettura privata;In marcia / fermata / arresto;Conducente;M;Illeso;0;;Non accertato;Inesploso
3355404;3;15/06/2017 23:15;Strada Urbana;VIALE ETIOPIA;all'intersezione con;VIA ENDERTA';VIA ENDERTA';;;Scontro laterale fra veicoli in marcia;Incrocio;Due carreggiate;Asciutto;Asfaltata;Verticale ed orizzontale;Sereno;Normale;Sufficiente;Sufficiente;2;0;0;2;12.52397;41.93117;-1;1;Autovettura privata;In marcia / fermata / arresto;Conducente;M;Illeso;0;;Non accertato;Inesploso
3355404;3;15/06/2017 23:15;Strada Urbana;VIALE ETIOPIA;all'intersezione con;VIA ENDERTA';VIA ENDERTA';;;Scontro laterale fra veicoli in marcia;Incrocio;Due carreggiate;Asciutto;Asfaltata;Verticale ed orizzontale;Sereno;Normale;Sufficiente;Sufficiente;2;0;0;2;12.52397;41.93117;-1;1;Autovettura privata;In marcia / fermata / arresto;Passeggero;F;Illeso;0;;Non accertato;Inesploso
3355404;3;15/06/2017 23:15;Strada Urbana;VIALE ETIOPIA;all'intersezione con;VIA ENDERTA';VIA ENDERTA';;;Scontro laterale fra veicoli in marcia;Incrocio;Due carreggiate;Asciutto;Asfaltata;Verticale ed orizzontale;Sereno;Normale;Sufficiente;Sufficiente;2;0;0;2;12.52397;41.93117;-1;2;Motociclo con passeggero;In marcia / fermata / arresto;Conducente;M;Rimandato;0;NON DECEDUTO;Non accertato;
3355404;3;15/06/2017 23:15;Strada Urbana;VIALE ETIOPIA;all'intersezione con;VIA ENDERTA';VIA ENDERTA';;;Scontro laterale fra veicoli in marcia;Incrocio;Due carreggiate;Asciutto;Asfaltata;Verticale ed orizzontale;Sereno;Normale;Sufficiente;Sufficiente;2;0;0;2;12.52397;41.93117;-1;2;Motociclo con passeggero;In marcia / fermata / arresto;Passeggero;F;Rimandato;0;NON DECEDUTO;Non accertato;
3355425;3;15/06/2017 19:45;Strada Urbana;VIALE REGINA MARGHERITA;da specificare;;;;civ. 302fronte C;Tamponamento Multiplo;Rettilineo;Più di due carreggiate;Asciutto;Asfaltata;Verticale ed orizzontale;Sereno;Normale;Buona;Ore Diurne;0;0;0;7;12.51092;41.90929;-1;1;Autovettura privata;In marcia / fermata / arresto;Conducente;M;Illeso;0;;Non accertato;Inesploso
3355425;3;15/06/2017 19:45;Strada Urbana;VIALE REGINA MARGHERITA;da specificare;;;;civ. 302fronte C;Tamponamento Multiplo;Rettilineo;Più di due carreggiate;Asciutto;Asfaltata;Verticale ed orizzontale;Sereno;Normale;Buona;Ore Diurne;0;0;0;7;12.51092;41.90929;-1;1;Autovettura privata;In marcia / fermata / arresto;Passeggero;F;Illeso;0;;Non accertato;Inesploso
3355425;3;15/06/2017 19:45;Strada Urbana;VIALE REGINA MARGHERITA;da specificare;;;;civ. 302fronte C;Tamponamento Multiplo;Rettilineo;Più di due carreggiate;Asciutto;Asfaltata;Verticale ed orizzontale;Sereno;Normale;Buona;Ore Diurne;0;0;0;7;12.51092;41.90929;-1;2;Autovettura privata;In marcia / fermata / arresto;Conducente;M;Illeso;0;;Non accertato;Inesploso
3355425;3;15/06/2017 19:45;Strada Urbana;VIALE REGINA MARGHERITA;da specificare;;;;civ. 302fronte C;Tamponamento Multiplo;Rettilineo;Più di due carreggiate;Asciutto;Asfaltata;Verticale ed orizzontale;Sereno;Normale;Buona;Ore Diurne;0;0;0;7;12.51092;41.90929;-1;3;Autovettura privata;In marcia / fermata / arresto;Conducente;M;Illeso;0;;Non accertato;Inesploso
3355425;3;15/06/2017 19:45;Strada Urbana;VIALE REGINA MARGHERITA;da specificare;;;;civ. 302fronte C;Tamponamento Multiplo;Rettilineo;Più di due carreggiate;Asciutto;Asfaltata;Verticale ed orizzontale;Sereno;Normale;Buona;Ore Diurne;0;0;0;7;12.51092;41.90929;-1;3;Autovettura privata;In marcia / fermata / arresto;Passeggero;F;Illeso;0;;Non accertato;Inesploso
3355425;3;15/06/2017 19:45;Strada Urbana;VIALE REGINA MARGHERITA;da specificare;;;;civ. 302fronte C;Tamponamento Multiplo;Rettilineo;Più di due carreggiate;Asciutto;Asfaltata;Verticale ed orizzontale;Sereno;Normale;Buona;Ore Diurne;0;0;0;7;12.51092;41.90929;-1;3;Autovettura privata;In marcia / fermata / arresto;Passeggero;F;Illeso;0;;Non accertato;Inesploso
3355425;3;15/06/2017 19:45;Strada Urbana;VIALE REGINA MARGHERITA;da specificare;;;;civ. 302fronte C;Tamponamento Multiplo;Rettilineo;Più di due carreggiate;Asciutto;Asfaltata;Verticale ed orizzontale;Sereno;Normale;Buona;Ore Diurne;0;0;0;7;12.51092;41.90929;-1;4;Motociclo a solo;In marcia / fermata / arresto;Conducente;M;Illeso;0;;Non accertato;
3355455;3;15/06/2017 10:30;Strada Urbana;PIAZZALE ALDO MORO;da specificare;;;;fronte civ. 15;Scontro frontale/laterale SX fra veicoli in marcia;Rettilineo;Una carreggiata a senso unico di marcia;Asciutto;Asfaltata;Verticale ed orizzontale;Sereno;Normale;Buona;Ore Diurne;0;0;0;6;12.51224;41.90149;-1;1;Autovettura privata;In marcia / fermata / arresto;Conducente;F;Illeso;0;;Non accertato;Inesploso
3355455;3;15/06/2017 10:30;Strada Urbana;PIAZZALE ALDO MORO;da specificare;;;;fronte civ. 15;Scontro frontale/laterale SX fra veicoli in marcia;Rettilineo;Una carreggiata a senso unico di marcia;Asciutto;Asfaltata;Verticale ed orizzontale;Sereno;Normale;Buona;Ore Diurne;0;0;0;6;12.51224;41.90149;-1;1;Autovettura privata;In marcia / fermata / arresto;Passeggero;M;Illeso;0;;Non accertato;Inesploso
3355455;3;15/06/2017 10:30;Strada Urbana;PIAZZALE ALDO MORO;da specificare;;;;fronte civ. 15;Scontro frontale/laterale SX fra veicoli in marcia;Rettilineo;Una carreggiata a senso unico di marcia;Asciutto;Asfaltata;Verticale ed orizzontale;Sereno;Normale;Buona;Ore Diurne;0;0;0;6;12.51224;41.90149;-1;1;Autovettura privata;In marcia / fermata / arresto;Passeggero;M;Illeso;0;;Non accertato;Inesploso
3355455;3;15/06/2017 10:30;Strada Urbana;PIAZZALE ALDO MORO;da specificare;;;;fronte civ. 15;Scontro frontale/laterale SX fra veicoli in marcia;Rettilineo;Una carreggiata a senso unico di marcia;Asciutto;Asfaltata;Verticale ed orizzontale;Sereno;Normale;Buona;Ore Diurne;0;0;0;6;12.51224;41.90149;-1;2;Autovettura privata;In marcia / fermata / arresto;Conducente;F;Illeso;0;;Non accertato;Inesploso
3355455;3;15/06/2017 10:30;Strada Urbana;PIAZZALE ALDO MORO;da specificare;;;;fronte civ. 15;Scontro frontale/laterale SX fra veicoli in marcia;Rettilineo;Una carreggiata a senso unico di marcia;Asciutto;Asfaltata;Verticale ed orizzontale;Sereno;Normale;Buona;Ore Diurne;0;0;0;6;12.51224;41.90149;-1;2;Autovettura privata;In marcia / fermata / arresto;Passeggero;F;Illeso;0;;Non accertato;Inesploso
3355455;3;15/06/2017 10:30;Strada Urbana;PIAZZALE ALDO MORO;da specificare;;;;fronte civ. 15;Scontro frontale/laterale SX fra veicoli in marcia;Rettilineo;Una carreggiata a senso unico di marcia;Asciutto;Asfaltata;Verticale ed orizzontale;Sereno;Normale;Buona;Ore Diurne;0;0;0;6;12.51224;41.90149;-1;2;Autovettura privata;In marcia / fermata / arresto;Passeggero;F;Illeso;0;;Non accertato;Inesploso
3355465;2;16/06/2017 07:50;Strada Urbana;LARGO SOMALIA;all'intersezione con;VIA FELICE ANERIO;VIA FELICE ANERIO;;;Scontro laterale fra veicoli in marcia;Incrocio;Una carreggiata a doppio senso;Asciutto;Asfaltata;Verticale ed orizzontale;Sereno;Normale;Buona;Ore Diurne;1;0;0;2;12.51579;41.93589;-1;1;Autovettura privata;In marcia / fermata / arresto;Conducente;F;Illeso;0;;Non accertato;Inesploso
3355465;2;16/06/2017 07:50;Strada Urbana;LARGO SOMALIA;all'intersezione con;VIA FELICE ANERIO;VIA FELICE ANERIO;;;Scontro laterale fra veicoli in marcia;Incrocio;Una carreggiata a doppio senso;Asciutto;Asfaltata;Verticale ed orizzontale;Sereno;Normale;Buona;Ore Diurne;1;0;0;2;12.51579;41.93589;-1;1;Autovettura privata;In marcia / fermata / arresto;Passeggero;F;Illeso;0;;Non accertato;Inesploso
3355465;2;16/06/2017 07:50;Strada Urbana;LARGO SOMALIA;all'intersezione con;VIA FELICE ANERIO;VIA FELICE ANERIO;;;Scontro laterale fra veicoli in marcia;Incrocio;Una carreggiata a doppio senso;Asciutto;Asfaltata;Verticale ed orizzontale;Sereno;Normale;Buona;Ore Diurne;1;0;0;2;12.51579;41.93589;-1;2;Motociclo a solo;In marcia / fermata / arresto;Conducente;F;Rimandato;0;NON DECEDUTO;Non accertato;
3355466;4;15/06/2017 18:10;Strada Urbana;LARGO VALSOLDA;in corrispondenza;;del civico n.;7;;Scontro frontale/laterale DX fra veicoli in marcia;Rettilineo;Una carreggiata a senso unico di marcia;Asciutto;Asfaltata;Assente;Sereno;Normale;Buona;Ore Diurne;1;0;0;3;12.53211;41.9351;-1;1;Autovettura privata;In marcia / fermata / arresto;Conducente;F;Illeso;0;;Non accertato;Inesploso
3355466;4;15/06/2017 18:10;Strada Urbana;LARGO VALSOLDA;in corrispondenza;;del civico n.;7;;Scontro frontale/laterale DX fra veicoli in marcia;Rettilineo;Una carreggiata a senso unico di marcia;Asciutto;Asfaltata;Assente;Sereno;Normale;Buona;Ore Diurne;1;0;0;3;12.53211;41.9351;-1;1;Autovettura privata;In marcia / fermata / arresto;Passeggero;F;Illeso;0;;Non accertato;Inesploso
3355466;4;15/06/2017 18:10;Strada Urbana;LARGO VALSOLDA;in corrispondenza;;del civico n.;7;;Scontro frontale/laterale DX fra veicoli in marcia;Rettilineo;Una carreggiata a senso unico di marcia;Asciutto;Asfaltata;Assente;Sereno;Normale;Buona;Ore Diurne;1;0;0;3;12.53211;41.9351;-1;2;Motociclo con passeggero;In marcia / fermata / arresto;Conducente;M;Rimandato;0;NON DECEDUTO;Non accertato;
3355528;4;15/06/2017 19:30;Strada Urbana;VIALE ADRIATICO;all'intersezione con;VIA DEI MONTI LESSINI;VIA DEI MONTI LESSINI;;;Scontro frontale/laterale SX fra veicoli in marcia;Incrocio;Una carreggiata a doppio senso;Asciutto;Asfaltata;Verticale ed orizzontale;Sereno;Normale;Buona;Ore Diurne;1;0;0;2;12.53708;41.94262;-1;1;Autovettura privata;In marcia / fermata / arresto;Conducente;M;Illeso;0;;Non accertato;
3355528;4;15/06/2017 19:30;Strada Urbana;VIALE ADRIATICO;all'intersezione con;VIA DEI MONTI LESSINI;VIA DEI MONTI LESSINI;;;Scontro frontale/laterale SX fra veicoli in marcia;Incrocio;Una carreggiata a doppio senso;Asciutto;Asfaltata;Verticale ed orizzontale;Sereno;Normale;Buona;Ore Diurne;1;0;0;2;12.53708;41.94262;-1;1;Autovettura privata;In marcia / fermata / arresto;Passeggero;F;Illeso;0;;Non accertato;
3355528;4;15/06/2017 19:30;Strada Urbana;VIALE ADRIATICO;all'intersezione con;VIA DEI MONTI LESSINI;VIA DEI MONTI LESSINI;;;Scontro frontale/laterale SX fra veicoli in marcia;Incrocio;Una carreggiata a doppio senso;Asciutto;Asfaltata;Verticale ed orizzontale;Sereno;Normale;Buona;Ore Diurne;1;0;0;2;12.53708;41.94262;-1;2;Motociclo con passeggero;In marcia / fermata / arresto;Conducente;M;Rimandato;0;NON DECEDUTO;Non accertato;
3355584;18;15/06/2017 09:10;Strada Urbana;VIA DI BOCCEA;da specificare;;;;AREA DISTRIBUTORE AGIP;Tamponamento;Rettilineo;Una carreggiata a doppio senso;Asciutto;Asfaltata;Assente;Sereno;Normale;Buona;Ore Diurne;0;0;0;3;12.37738;41.91868;-1;1;Autovettura privata;In marcia / fermata / arresto;Conducente;F;Illeso;0;;Non accertato;Inesistente
3355584;18;15/06/2017 09:10;Strada Urbana;VIA DI BOCCEA;da specificare;;;;AREA DISTRIBUTORE AGIP;Tamponamento;Rettilineo;Una carreggiata a doppio senso;Asciutto;Asfaltata;Assente;Sereno;Normale;Buona;Ore Diurne;0;0;0;3;12.37738;41.91868;-1;1;Autovettura privata;In marcia / fermata / arresto;Passeggero;F;Illeso;0;;Non accertato;Inesistente
3355584;18;15/06/2017 09:10;Strada Urbana;VIA DI BOCCEA;da specificare;;;;AREA DISTRIBUTORE AGIP;Tamponamento;Rettilineo;Una carreggiata a doppio senso;Asciutto;Asfaltata;Assente;Sereno;Normale;Buona;Ore Diurne;0;0;0;3;12.37738;41.91868;-1;2;Autovettura privata;In marcia / fermata / arresto;Conducente;F;Illeso;0;;Non accertato;Inesistente
3355595;20;16/06/2017 10:00;Strada Urbana;VIA DI GROTTAROSSA;in corrispondenza;;del civico n.;801;;Scontro laterale fra veicoli in marcia;Curva senza visuale libera;Una carreggiata a doppio senso;Asciutto;Asfaltata;Verticale ed orizzontale;Sereno;Scarso;Buona;Ore Diurne;1;0;0;2;12.4624;41.97708;-1;1;Motociclo a solo;In marcia / fermata / arresto;Conducente;M;Rifiuta cure immediate;0;NON DECEDUTO;Non accertato;
3355595;20;16/06/2017 10:00;Strada Urbana;VIA DI GROTTAROSSA;in corrispondenza;;del civico n.;801;;Scontro laterale fra veicoli in marcia;Curva senza visuale libera;Una carreggiata a doppio senso;Asciutto;Asfaltata;Verticale ed orizzontale;Sereno;Scarso;Buona;Ore Diurne;1;0;0;2;12.4624;41.97708;-1;2;Autovettura privata;In marcia / fermata / arresto;Conducente;M;Illeso;0;;Non accertato;Inesploso
3355595;20;16/06/2017 10:00;Strada Urbana;VIA DI GROTTAROSSA;in corrispondenza;;del civico n.;801;;Scontro laterale fra veicoli in marcia;Curva senza visuale libera;Una carreggiata a doppio senso;Asciutto;Asfaltata;Verticale ed orizzontale;Sereno;Scarso;Buona;Ore Diurne;1;0;0;2;12.4624;41.97708;-1;2;Autovettura privata;In marcia / fermata / arresto;Passeggero;F;Illeso;0;;Non accertato;Inesploso
3355603;9;16/06/2017 09:15;Strada Urbana;VIA TUSCOLANA;in prossimità;;del civico n.;231;;Tamponamento;Rettilineo;Una carreggiata a doppio senso;Asciutto;Asfaltata;Verticale ed orizzontale;Sereno;Normale;Buona;Ore Diurne;1;0;0;2;12.52439;41.878;-1;1;Autovettura privata;In marcia / fermata / arresto;Conducente;M;Illeso;0;;Utilizzato;Inesploso
3355603;9;16/06/2017 09:15;Strada Urbana;VIA TUSCOLANA;in prossimità;;del civico n.;231;;Tamponamento;Rettilineo;Una carreggiata a doppio senso;Asciutto;Asfaltata;Verticale ed orizzontale;Sereno;Normale;Buona;Ore Diurne;1;0;0;2;12.52439;41.878;-1;1;Autovettura privata;In marcia / fermata / arresto;Passeggero;M;Illeso;0;;Utilizzato;Inesploso
3355603;9;16/06/2017 09:15;Strada Urbana;VIA TUSCOLANA;in prossimità;;del civico n.;231;;Tamponamento;Rettilineo;Una carreggiata a doppio senso;Asciutto;Asfaltata;Verticale ed orizzontale;Sereno;Normale;Buona;Ore Diurne;1;0;0;2;12.52439;41.878;-1;2;Motociclo a solo;In marcia / fermata / arresto;Conducente;M;Rimandato;0;NON DECEDUTO;Utilizzato;
3355608;12;13/06/2017 20:10;Strada Urbana;VIALE DELL'OCEANO ATLANTICO;all'intersezione con;VIA RHODESIA;VIA RHODESIA;;;Scontro frontale fra veicoli in marcia;Incrocio;Due carreggiate;Asciutto;Asfaltata;Verticale ed orizzontale;Sereno;Scarso;Sufficiente;Sufficiente;2;0;0;0;12.4714;41.8201;-1;1;Autovettura privata;In marcia / fermata / arresto;Conducente;F;Rimandato;0;NON DECEDUTO;Non accertato;Esploso
3355608;12;13/06/2017 20:10;Strada Urbana;VIALE DELL'OCEANO ATLANTICO;all'intersezione con;VIA RHODESIA;VIA RHODESIA;;;Scontro frontale fra veicoli in marcia;Incrocio;Due carreggiate;Asciutto;Asfaltata;Verticale ed orizzontale;Sereno;Scarso;Sufficiente;Sufficiente;2;0;0;0;12.4714;41.8201;-1;2;Autovettura privata;In marcia / fermata / arresto;Conducente;F;Rimandato;0;NON DECEDUTO;Non accertato;Inesploso
3355624;2;15/06/2017 10:10;Strada Urbana;PIAZZA ADDIS ABEBA;all'intersezione con;VIALE ETIOPIA;VIALE ETIOPIA;;;Veicolo in marcia contro veicoli in sosta;Incrocio;Più di due carreggiate;Asciutto;Asfaltata;Verticale ed orizzontale;Sereno;Normale;Buona;Ore Diurne;0;0;0;1;12.52305;41.93152;-1;1;Autovettura privata;In marcia / fermata / arresto;Conducente;F;Illeso;0;;Non accertato;Inesploso
3355625;2;15/06/2017 10:10;Strada Urbana;LUNGOTEVERE FLAMINIO;in prossimità;;del civico n.;15;;Investimento di pedone;Rettilineo;Una carreggiata a doppio senso;Asciutto;Asfaltata;Verticale ed orizzontale;Sereno;Normale;Buona;Ore Diurne;1;0;0;1;12.47094;41.92066;-1;;;;Pedone;M;Rimandato;0;NON DECEDUTO;;
3355625;2;15/06/2017 10:10;Strada Urbana;LUNGOTEVERE FLAMINIO;in prossimità;;del civico n.;15;;Investimento di pedone;Rettilineo;Una carreggiata a doppio senso;Asciutto;Asfaltata;Verticale ed orizzontale;Sereno;Normale;Buona;Ore Diurne;1;0;0;1;12.47094;41.92066;-1;1;Autovettura privata;In marcia / fermata / arresto;Conducente;M;Illeso;0;;Non accertato;Inesploso
3355627;2;15/06/2017 14:50;Strada Urbana;VIA SALARIA;in prossimità;;del civico n.;468;;Veicolo in marcia contro veicolo in sosta;Rettilineo;Una carreggiata a doppio senso;Asciutto;Asfaltata;Assente;Sereno;Intenso;Buona;Ore Diurne;1;0;0;0;12.50902;41.9351;-1;2;Motociclo a solo;In marcia / fermata / arresto;Conducente;M;Rimandato;0;NON DECEDUTO;;
3355630;2;15/06/2017 19:00;Strada Urbana;VIA DI TRASONE;all'intersezione con;VIA POGGIO CATINO;VIA POGGIO CATINO;;;Veicolo in marcia contro veicolo fermo;Incrocio;Una carreggiata a senso unico di marcia;Asciutto;Asfaltata;Verticale ed orizzontale;Sereno;Normale;Buona;Ore Diurne;0;0;0;2;12.51147;41.92968;-1;1;Autocarro inferiore 35 q.;In marcia / fermata / arresto;Conducente;M;Illeso;0;;Non accertato;Inesploso
3355630;2;15/06/2017 19:00;Strada Urbana;VIA DI TRASONE;all'intersezione con;VIA POGGIO CATINO;VIA POGGIO CATINO;;;Veicolo in marcia contro veicolo fermo;Incrocio;Una carreggiata a senso unico di marcia;Asciutto;Asfaltata;Verticale ed orizzontale;Sereno;Normale;Buona;Ore Diurne;0;0;0;2;12.51147;41.92968;-1;2;Autovettura privata;In marcia / fermata / arresto;Conducente;M;Illeso;0;;Non accertato;Inesploso
3355633;2;15/06/2017 19:40;Strada Urbana;VIA SALARIA;in prossimità;;del civico n.;76;;Investimento di pedone;Rettilineo;Una carreggiata a senso unico di marcia;Asciutto;Asfaltata;Verticale ed orizzontale;Sereno;Intenso;Buona;Ore Diurne;1;0;0;1;12.4978;41.91271;-1;;;;Pedone;F;Rifiuta cure immediate;0;NON DECEDUTO;;
3355633;2;15/06/2017 19:40;Strada Urbana;VIA SALARIA;in prossimità;;del civico n.;76;;Investimento di pedone;Rettilineo;Una carreggiata a senso unico di marcia;Asciutto;Asfaltata;Verticale ed orizzontale;Sereno;Intenso;Buona;Ore Diurne;1;0;0;1;12.4978;41.91271;-1;1;Autovettura privata;In marcia / fermata / arresto;Conducente;M;Illeso;0;;;
3355638;1;15/06/2017 17:50;Strada Urbana;VIA MERULANA;all'intersezione semaforizzata con;VIA LABICANA;VIA LABICANA;;;Scontro laterale fra veicoli in marcia;Intersezione semaforizzata;Una carreggiata a doppio senso;Asciutto;Asfaltata;Verticale ed orizzontale;Sereno;Intenso;Buona;Ore Diurne;4;0;0;0;12.50332;41.88953;-1;;;;Pedone;F;Rimandato;0;NON DECEDUTO;;
3355638;1;15/06/2017 17:50;Strada Urbana;VIA MERULANA;all'intersezione semaforizzata con;VIA LABICANA;VIA LABICANA;;;Scontro laterale fra veicoli in marcia;Intersezione semaforizzata;Una carreggiata a doppio senso;Asciutto;Asfaltata;Verticale ed orizzontale;Sereno;Intenso;Buona;Ore Diurne;4;0;0;0;12.50332;41.88953;-1;1;Autovettura privata;In marcia / fermata / arresto;Conducente;M;Rimandato;0;NON DECEDUTO;Non accertato;
3355638;1;15/06/2017 17:50;Strada Urbana;VIA MERULANA;all'intersezione semaforizzata con;VIA LABICANA;VIA LABICANA;;;Scontro laterale fra veicoli in marcia;Intersezione semaforizzata;Una carreggiata a doppio senso;Asciutto;Asfaltata;Verticale ed orizzontale;Sereno;Intenso;Buona;Ore Diurne;4;0;0;0;12.50332;41.88953;-1;2;Motociclo con passeggero;In marcia / fermata / arresto;Conducente;M;Rimandato;0;NON DECEDUTO;Non accertato;
3355638;1;15/06/2017 17:50;Strada Urbana;VIA MERULANA;all'intersezione semaforizzata con;VIA LABICANA;VIA LABICANA;;;Scontro laterale fra veicoli in marcia;Intersezione semaforizzata;Una carreggiata a doppio senso;Asciutto;Asfaltata;Verticale ed orizzontale;Sereno;Intenso;Buona;Ore Diurne;4;0;0;0;12.50332;41.88953;-1;2;Motociclo con passeggero;In marcia / fermata / arresto;Passeggero;F;Rimandato;0;NON DECEDUTO;Non accertato;
3355640;2;15/06/2017 20:30;Strada Urbana;VIA ISONZO;all'intersezione semaforizzata con;VIA TEVERE;VIA TEVERE;;;Scontro frontale/laterale DX fra veicoli in marcia;Incrocio;Una carreggiata a senso unico di marcia;Asciutto;Asfaltata;Assente;Sereno;Normale;Buona;Ore Diurne;0;0;0;2;12.49585;41.91264;-1;1;Autovettura privata;In marcia / fermata / arresto;Conducente;M;Illeso;0;;Non accertato;Inesploso
3355640;2;15/06/2017 20:30;Strada Urbana;VIA ISONZO;all'intersezione semaforizzata con;VIA TEVERE;VIA TEVERE;;;Scontro frontale/laterale DX fra veicoli in marcia;Incrocio;Una carreggiata a senso unico di marcia;Asciutto;Asfaltata;Assente;Sereno;Normale;Buona;Ore Diurne;0;0;0;2;12.49585;41.91264;-1;2;Autovettura privata;In marcia / fermata / arresto;Conducente;F;Illeso;0;;;
3355658;12;16/06/2017 07:36;Provinciale entro l'abitato;VIA LAURENTINA;all'intersezione semaforizzata con;VIA DI ACQUA ACETOSA OSTIENSE;VIA DI ACQUA ACETOSA OSTIENSE;;;Scontro frontale fra veicoli in marcia;Intersezione semaforizzata;Due carreggiate;Asciutto;Asfaltata;Verticale ed orizzontale;Sereno;Intenso;Buona;Ore Diurne;0;1;0;1;12.48102;41.80115;-1;1;Autovettura privata;In marcia / fermata / arresto;Conducente;F;Illeso;0;;Non accertato;Esploso