Protocollo;Gruppo;DataOraIncidente;Localizzazione1;STRADA1;Localizzazione2;STRADA2;Strada02;Chilometrica;DaSpecificare;NaturaIncidente;particolaritastrade;TipoStrada;FondoStradale;Pavimentazione;Segnaletica;CondizioneAtmosferica;Traffico;Visibilita;Illuminazione;NUM_FERITI;NUM_RISERVATA;NUM_MORTI;NUM_ILLESI;Longitudine;Latitudine;Confermato;Progressivo;TipoVeicolo;StatoVeicolo;TipoPersona;Sesso;Tipolesione;Deceduto;DecedutoDopo;CinturaCascoUtilizzato;Airbag
3355658;12;16/06/2017 07:36;Provinciale entro l'abitato;VIA LAURENTINA;all'intersezione semaforizzata con;VIA DI ACQUA ACETOSA OSTIENSE;VIA DI ACQUA ACETOSA OSTIENSE;;;Scontro frontale fra veicoli in marcia;Intersezione semaforizzata;Due carreggiate;Asciutto;Asfaltata;Verticale ed orizzontale;Sereno;Intenso;Buona;Ore Diurne;0;1;0;1;12.48102;41.80115;-1;2;Motociclo a solo;In marcia / fermata / arresto;Conducente;M;Prognosi riservata;0;NON DECEDUTO;Utilizzato;
3355725;18;15/06/2017 11:30;Strada Urbana;CIRCONVALLAZIONE AURELIA;in corrispondenza;;del civico n.;17;;Scontro laterale fra veicoli in marcia;Rettilineo;Più di due carreggiate;Asciutto;Asfaltata;Verticale ed orizzontale;Sereno;Normale;Buona;Ore Diurne;0;0;0;3;12.42822;41.89763;-1;1;Autovettura privata;In marcia / fermata / arresto;Conducente;F;Illeso;0;;;
3355725;18;15/06/2017 11:30;Strada Urbana;CIRCONVALLAZIONE AURELIA;in corrispondenza;;del civico n.;17;;Scontro laterale fra veicoli in marcia;Rettilineo;Più di due carreggiate;Asciutto;Asfaltata;Verticale ed orizzontale;Sereno;Normale;Buona;Ore Diurne;0;0;0;3;12.42822;41.89763;-1;1;Autovettura privata;In marcia / fermata / arresto;Passeggero;M;Illeso;0;;;
3355725;18;15/06/2017 11:30;Strada Urbana;CIRCONVALLAZIONE AURELIA;in corrispondenza;;del civico n.;17;;Scontro laterale fra veicoli in marcia;Rettilineo;Più di due carreggiate;Asciutto;Asfaltata;Verticale ed orizzontale;Sereno;Normale;Buona;Ore Diurne;0;0;0;3;12.42822;41.89763;-1;2;Autocarro inferiore 35 q.;In marcia / fermata / arresto;Conducente;M;Illeso;0;;Non accertato;Inesploso
3355736;18;15/06/2017 13:45;Strada Urbana;VIA MARENTINO;all'intersezione con;VIA TOMMASO LUCHERINI;VIA TOMMASO LUCHERINI;;;Scontro frontale/laterale SX fra veicoli in marcia;Intersezione stradale segnalata;Una carreggiata a doppio senso;Asciutto;Asfaltata;Verticale;Sereno;Scarso;Buona;Ore Diurne;0;0;0;2;12.38951;41.90693;-1;1;Autovettura privata;In marcia / fermata / arresto;Conducente;F;Illeso;0;;Non accertato;Inesploso
3355736;18;15/06/2017 13:45;Strada Urbana;VIA MARENTINO;all'intersezione con;VIA TOMMASO LUCHERINI;VIA TOMMASO LUCHERINI;;;Scontro frontale/laterale SX fra veicoli in marcia;Intersezione stradale segnalata;Una carreggiata a doppio senso;Asciutto;Asfaltata;Verticale;Sereno;Scarso;Buona;Ore Diurne;0;0;0;2;12.38951;41.90693;-1;2;Autovettura privata;In marcia / fermata / arresto;Conducente;M;Illeso;0;;Non accertato;Inesploso
3355756;18;15/06/2017 14:20;Strada Urbana;VIA NICOLO' PICCOLOMINI;all'intersezione con;VIA DI VILLA BETANIA;VIA DI VILLA BETANIA;;;Investimento di pedone;Intersezione stradale segnalata;Una carreggiata a doppio senso;Asciutto;Asfaltata;Verticale ed orizzontale;Sereno;Scarso;Buona;Ore Diurne;0;0;0;3;12.44209;41.89098;-1;;;;Pedone;M;Illeso;0;;;
3355756;18;15/06/2017 14:20;Strada Urbana;VIA NICOLO' PICCOLOMINI;all'intersezione con;VIA DI VILLA BETANIA;VIA DI VILLA BETANIA;;;Investimento di pedone;Intersezione stradale segnalata;Una carreggiata a doppio senso;Asciutto;Asfaltata;Verticale ed orizzontale;Sereno;Scarso;Buona;Ore Diurne;0;0;0;3;12.44209;41.89098;-1;;;;Pedone;M;Illeso;0;;;
3355756;18;15/06/2017 14:20;Strada Urbana;VIA NICOLO' PICCOLOMINI;all'intersezione con;VIA DI VILLA BETANIA;VIA DI VILLA BETANIA;;;Investimento di pedone;Intersezione stradale segnalata;Una carreggiata a doppio senso;Asciutto;Asfaltata;Verticale ed orizzontale;Sereno;Scarso;Buona;Ore Diurne;0;0;0;3;12.44209;41.89098;-1;1;Autovettura privata;In marcia / fermata / arresto;Conducente;M;Illeso;0;;;
3355766;11;16/06/2017 11:30;Strada Urbana;VIA OSTIENSE;in prossimità;;del civico n.;40/A;;Investimento di pedone;Sottopasso illuminato;Più di due carreggiate;Asciutto;Asfaltata;Verticale ed orizzontale;Sereno;Normale;Sufficiente;Ore Diurne;1;0;0;1;12.48017;41.87321;-1;;;;Pedone;F;Rimandato;0;NON DECEDUTO;;
3355766;11;16/06/2017 11:30;Strada Urbana;VIA OSTIENSE;in prossimità;;del civico n.;40/A;;Investimento di pedone;Sottopasso illuminato;Più di due carreggiate;Asciutto;Asfaltata;Verticale ed orizzontale;Sereno;Normale;Sufficiente;Ore Diurne;1;0;0;1;12.48017;41.87321;-1;1;Autovettura privata;In marcia / fermata / arresto;Conducente;M;Illeso;0;;Non accertato;Inesploso
3355770;6;16/06/2017 11:55;Strada Urbana;VIA COLLATINA;in corrispondenza;;del civico n.;98b;;Investimento di pedone;Rettilineo;Una carreggiata a doppio senso;Asciutto;Asfaltata;Orizzontale;Sereno;Normale;Buona;Ore Diurne;1;0;0;1;12.56446;41.89914;-1;;;;Pedone;F;Rimandato;0;NON DECEDUTO;;
3355770;6;16/06/2017 11:55;Strada Urbana;VIA COLLATINA;in corrispondenza;;del civico n.;98b;;Investimento di pedone;Rettilineo;Una carreggiata a doppio senso;Asciutto;Asfaltata;Orizzontale;Sereno;Normale;Buona;Ore Diurne;1;0;0;1;12.56446;41.89914;-1;1;Autovettura privata;In marcia / fermata / arresto;Conducente;M;Illeso;0;;Non accertato;Inesploso
3355843;1;16/06/2017 07:45;Strada Urbana;VIA DELL'AMBA ARADAM;in corrispondenza;;del civico n.;31 A;;Scontro frontale/laterale SX fra veicoli in marcia;Rettilineo;Una carreggiata a doppio senso;Asciutto;Asfaltata;Verticale ed orizzontale;Sereno;Intenso;Buona;Ore Diurne;0;0;0;2;12.5002;41.88374;-1;1;Autovettura privata;In marcia / fermata / arresto;Conducente;M;Illeso;0;;;
3355843;1;16/06/2017 07:45;Strada Urbana;VIA DELL'AMBA ARADAM;in corrispondenza;;del civico n.;31 A;;Scontro frontale/laterale SX fra veicoli in marcia;Rettilineo;Una carreggiata a doppio senso;Asciutto;Asfaltata;Verticale ed orizzontale;Sereno;Intenso;Buona;Ore Diurne;0;0;0;2;12.5002;41.88374;-1;2;Autovettura pubblica;In marcia / fermata / arresto;Conducente;M;Illeso;0;;;
3355858;2;16/06/2017 11:15;Strada Urbana;VIALE DEL MURO TORTO;da specificare;;;;dire. p.le flaminio alt. v.le del Galoppatoio;Tamponamento Multiplo;Rettilineo;Due carreggiate;Asciutto;Asfaltata;Verticale ed orizzontale;Sereno;Normale;Buona;Ore Diurne;0;0;0;6;12.4817;41.91072;-1;1;Autovettura privata;In marcia / fermata / arresto;Conducente;F;Illeso;0;;Non accertato;Inesploso
3355858;2;16/06/2017 11:15;Strada Urbana;VIALE DEL MURO TORTO;da specificare;;;;dire. p.le flaminio alt. v.le del Galoppatoio;Tamponamento Multiplo;Rettilineo;Due carreggiate;Asciutto;Asfaltata;Verticale ed orizzontale;Sereno;Normale;Buona;Ore Diurne;0;0;0;6;12.4817;41.91072;-1;2;Autovettura privata;In marcia / fermata / arresto;Conducente;F;Illeso;0;;Non accertato;Inesploso
3355858;2;16/06/2017 11:15;Strada Urbana;VIALE DEL MURO TORTO;da specificare;;;;dire. p.le flaminio alt. v.le del Galoppatoio;Tamponamento Multiplo;Rettilineo;Due carreggiate;Asciutto;Asfaltata;Verticale ed orizzontale;Sereno;Normale;Buona;Ore Diurne;0;0;0;6;12.4817;41.91072;-1;2;Autovettura privata;In marcia / fermata / arresto;Passeggero;F;Illeso;0;;Non accertato;Inesploso
3355858;2;16/06/2017 11:15;Strada Urbana;VIALE DEL MURO TORTO;da specificare;;;;dire. p.le flaminio alt. v.le del Galoppatoio;Tamponamento Multiplo;Rettilineo;Due carreggiate;Asciutto;Asfaltata;Verticale ed orizzontale;Sereno;Normale;Buona;Ore Diurne;0;0;0;6;12.4817;41.91072;-1;2;Autovettura privata;In marcia / fermata / arresto;Passeggero;M;Illeso;0;;Non accertato;Inesploso
3355858;2;16/06/2017 11:15;Strada Urbana;VIALE DEL MURO TORTO;da specificare;;;;dire. p.le flaminio alt. v.le del Galoppatoio;Tamponamento Multiplo;Rettilineo;Due carreggiate;Asciutto;Asfaltata;Verticale ed orizzontale;Sereno;Normale;Buona;Ore Diurne;0;0;0;6;12.4817;41.91072;-1;3;Autovettura privata;In marcia / fermata / arresto;Conducente;M;Illeso;0;;Non accertato;Inesploso
3355858;2;16/06/2017 11:15;Strada Urbana;VIALE DEL MURO TORTO;da specificare;;;;dire. p.le flaminio alt. v.le del Galoppatoio;Tamponamento Multiplo;Rettilineo;Due carreggiate;Asciutto;Asfaltata;Verticale ed orizzontale;Sereno;Normale;Buona;Ore Diurne;0;0;0;6;12.4817;41.91072;-1;3;Autovettura privata;In marcia / fermata / arresto;Passeggero;F;Illeso;0;;Non accertato;Inesploso
3355866;1;16/06/2017 10:20;Strada Urbana;CORSO VITTORIO EMANUELE II;in corrispondenza;;del civico n.;178 B;;Investimento di pedone;Rettilineo;Una carreggiata a doppio senso;Asciutto;Asfaltata;Verticale ed orizzontale;Sereno;Intenso;Buona;Ore Diurne;0;0;0;2;12.47126;41.89713;-1;;;;Pedone;F;Illeso;0;;;
3355866;1;16/06/2017 10:20;Strada Urbana;CORSO VITTORIO EMANUELE II;in corrispondenza;;del civico n.;178 B;;Investimento di pedone;Rettilineo;Una carreggiata a doppio senso;Asciutto;Asfaltata;Verticale ed orizzontale;Sereno;Intenso;Buona;Ore Diurne;0;0;0;2;12.47126;41.89713;-1;1;Autovettura pubblica;In marcia / fermata / arresto;Conducente;M;Illeso;0;;;
3355984;16;15/06/2017 12:30;Strada Urbana;VIA ALESSANDRO POERIO;all'intersezione con;VIA FEDERICO TORRE;VIA FEDERICO TORRE;;;Investimento di pedone;Incrocio;Una carreggiata a senso unico di marcia;Asciutto;Asfaltata;Verticale ed orizzontale;Nuvoloso;Normale;Buona;Ore Diurne;1;0;0;1;12.46327;41.88096;-1;;;;Pedone;M;Rimandato;0;NON DECEDUTO;;
3355984;16;15/06/2017 12:30;Strada Urbana;VIA ALESSANDRO POERIO;all'intersezione con;VIA FEDERICO TORRE;VIA FEDERICO TORRE;;;Investimento di pedone;Incrocio;Una carreggiata a senso unico di marcia;Asciutto;Asfaltata;Verticale ed orizzontale;Nuvoloso;Normale;Buona;Ore Diurne;1;0;0;1;12.46327;41.88096;-1;1;Autovettura privata;In marcia / fermata / arresto;Conducente;M;Illeso;0;;Non accertato;Inesploso
3355992;13;16/06/2017 08:50;Strada Urbana;VIALE ENRICO ORTOLANI;in prossimità;;del civico n.;290;;Tamponamento;Rettilineo;Una carreggiata a doppio senso;Asciutto;Asfaltata;Assente;Sereno;Normale;Buona;Ore Diurne;0;0;0;2;12.33698;41.77289;-1;1;Autovettura privata;In marcia / fermata / arresto;Conducente;M;Illeso;0;;Non accertato;Inesploso
3355992;13;16/06/2017 08:50;Strada Urbana;VIALE ENRICO ORTOLANI;in prossimità;;del civico n.;290;;Tamponamento;Rettilineo;Una carreggiata a doppio senso;Asciutto;Asfaltata;Assente;Sereno;Normale;Buona;Ore Diurne;0;0;0;2;12.33698;41.77289;-1;2;Autovettura privata;In marcia / fermata / arresto;Conducente;F;Illeso;0;;Non accertato;Inesploso
3355994;16;15/06/2017 15:00;Strada Urbana;VIA EDOARDO JENNER;all'intersezione con;VIA GIOVANNI TORRECREMATA;VIA GIOVANNI TORRECREMATA;;;Scontro laterale fra veicoli in marcia;Intersezione stradale segnalata;Due carreggiate;Asciutto;Asfaltata;Verticale ed orizzontale;Sereno;Normale;Buona;Ore Diurne;0;0;0;3;12.44472;41.8724;-1;1;Autovettura privata;In marcia / fermata / arresto;Conducente;F;Illeso;0;;Non accertato;Inesploso
3355994;16;15/06/2017 15:00;Strada Urbana;VIA EDOARDO JENNER;all'intersezione con;VIA GIOVANNI TORRECREMATA;VIA GIOVANNI TORRECREMATA;;;Scontro laterale fra veicoli in marcia;Intersezione stradale segnalata;Due carreggiate;Asciutto;Asfaltata;Verticale ed orizzontale;Sereno;Normale;Buona;Ore Diurne;0;0;0;3;12.44472;41.8724;-1;1;Autovettura privata;In marcia / fermata / arresto;Passeggero;M;Illeso;0;;Non accertato;Inesploso
3355994;16;15/06/2017 15:00;Strada Urbana;VIA EDOARDO JENNER;all'intersezione con;VIA GIOVANNI TORRECREMATA;VIA GIOVANNI TORRECREMATA;;;Scontro laterale fra veicoli in marcia;Intersezione stradale segnalata;Due carreggiate;Asciutto;Asfaltata;Verticale ed orizzontale;Sereno;Normale;Buona;Ore Diurne;0;0;0;3;12.44472;41.8724;-1;2;Motociclo a solo;In marcia / fermata / arresto;Conducente;M;Illeso;0;;Non accertato;
3355995;10;16/06/2017 14:00;Strada Urbana;VIA ANAGNINA;all'intersezione con;VIA TUSCOLANA;VIA TUSCOLANA;;;Scontro frontale/laterale SX fra veicoli in marcia;Incrocio;Una carreggiata a senso unico di marcia;Asciutto;Asfaltata;Verticale;Sereno;Normale;Buona;Ore Diurne;0;0;0;4;12.59051;41.83759;-1;1;Autovettura privata;In marcia / fermata / arresto;Conducente;M;Illeso;0;;Non accertato;Inesploso
3355995;10;16/06/2017 14:00;Strada Urbana;VIA ANAGNINA;all'intersezione con;VIA TUSCOLANA;VIA TUSCOLANA;;;Scontro frontale/laterale SX fra veicoli in marcia;Incrocio;Una carreggiata a senso unico di marcia;Asciutto;Asfaltata;Verticale;Sereno;Normale;Buona;Ore Diurne;0;0;0;4;12.59051;41.83759;-1;1;Autovettura privata;In marcia / fermata / arresto;Passeggero;F;Illeso;0;;Non accertato;Inesploso
3355995;10;16/06/2017 14:00;Strada Urbana;VIA ANAGNINA;all'intersezione con;VIA TUSCOLANA;VIA TUSCOLANA;;;Scontro frontale/laterale SX fra veicoli in marcia;Incrocio;Una carreggiata a senso unico di marcia;Asciutto;Asfaltata;Verticale;Sereno;Normale;Buona;Ore Diurne;0;0;0;4;12.59051;41.83759;-1;2;Autovettura privata;In marcia / fermata / arresto;Conducente;F;Illeso;0;;Non accertato;Inesploso
3355995;10;16/06/2017 14:00;Strada Urbana;VIA ANAGNINA;all'intersezione con;VIA TUSCOLANA;VIA TUSCOLANA;;;Scontro frontale/laterale SX fra veicoli in marcia;Incrocio;Una carreggiata a senso unico di marcia;Asciutto;Asfaltata;Verticale;Sereno;Normale;Buona;Ore Diurne;0;0;0;4;12.59051;41.83759;-1;2;Autovettura privata;In marcia / fermata / arresto;Passeggero;M;Illeso;0;;Non accertato;Inesploso
3356005;12;15/06/2017 16:50;Strada Urbana;VIALE DELL'UMANESIMO;all'intersezione con;VIA DEGLI URALI;VIA DEGLI URALI;;;Tamponamento Multiplo;Intersezione stradale segnalata;Una carreggiata a doppio senso;Asciutto;Asfaltata;Verticale ed orizzontale;Sereno;Normale;Buona;Ore Diurne;0;0;0;4;12.47157;41.82252;-1;1;Autovettura privata;In marcia / fermata / arresto;Conducente;M;Illeso;0;;Non accertato;Inesploso
3356005;12;15/06/2017 16:50;Strada Urbana;VIALE DELL'UMANESIMO;all'intersezione con;VIA DEGLI URALI;VIA DEGLI URALI;;;Tamponamento Multiplo;Intersezione stradale segnalata;Una carreggiata a doppio senso;Asciutto;Asfaltata;Verticale ed orizzontale;Sereno;Normale;Buona;Ore Diurne;0;0;0;4;12.47157;41.82252;-1;2;Autovettura privata;In marcia / fermata / arresto;Conducente;M;Illeso;0;;Non accertato;Inesploso
3356005;12;15/06/2017 16:50;Strada Urbana;VIALE DELL'UMANESIMO;all'intersezione con;VIA DEGLI URALI;VIA DEGLI URALI;;;Tamponamento Multiplo;Intersezione stradale segnalata;Una carreggiata a doppio senso;Asciutto;Asfaltata;Verticale ed orizzontale;Sereno;Normale;Buona;Ore Diurne;0;0;0;4;12.47157;41.82252;-1;3;Autovettura privata;In marcia / fermata / arresto;Conducente;F;Illeso;0;;Utilizzato;Inesploso
3356005;12;15/06/2017 16:50;Strada Urbana;VIALE DELL'UMANESIMO;all'intersezione con;VIA DEGLI URALI;VIA DEGLI URALI;;;Tamponamento Multiplo;Intersezione stradale segnalata;Una carreggiata a doppio senso;Asciutto;Asfaltata;Verticale ed orizzontale;Sereno;Normale;Buona;Ore Diurne;0;0;0;4;12.47157;41.82252;-1;3;Autovettura privata;In marcia / fermata / arresto;Passeggero;M;Illeso;0;;Non accertato;Inesploso
3356012;16;15/06/2017 23:40;Strada Urbana;VICOLO DI PAPA LEONE;da specificare;;;;altezza cavalcavia Viale I. Newton;Scontro frontale fra veicoli in marcia;Cavalcavia;Una carreggiata a doppio senso;Asciutto;Asfaltata;Verticale ed orizzontale;Sereno;Normale;Sufficiente;Sufficiente;1;0;0;1;12.44475;41.84343;-1;1;Autovettura privata;In marcia / fermata / arresto;Conducente;F;Illeso;0;;Non accertato;Inesploso
3356012;16;15/06/2017 23:40;Strada Urbana;VICOLO DI PAPA LEONE;da specificare;;;;altezza cavalcavia Viale I. Newton;Scontro frontale fra veicoli in marcia;Cavalcavia;Una carreggiata a doppio senso;Asciutto;Asfaltata;Verticale ed orizzontale;Sereno;Normale;Sufficiente;Sufficiente;1;0;0;1;12.44475;41.84343;-1;2;Motociclo a solo;In marcia / fermata / arresto;Conducente;M;Rimandato;0;NON DECEDUTO;Non accertato;
3356022;10;16/06/2017 07:45;Strada Urbana;VIA SESTIO CALVINO;all'intersezione con;VIA QUINTILIO VARO;VIA QUINTILIO VARO;;;Scontro frontale/laterale SX fra veicoli in marcia;Incrocio;Una carreggiata a senso unico di marcia;Asciutto;Asfaltata;Verticale ed orizzontale;Sereno;Normale;Buona;Ore Diurne;0;0;0;2;12.5651;41.85363;-1;1;Autovettura privata;In marcia / fermata / arresto;Conducente;F;Illeso;0;;Non accertato;Inesploso
3356022;10;16/06/2017 07:45;Strada Urbana;VIA SESTIO CALVINO;all'intersezione con;VIA QUINTILIO VARO;VIA QUINTILIO VARO;;;Scontro frontale/laterale SX fra veicoli in marcia;Incrocio;Una carreggiata a senso unico di marcia;Asciutto;Asfaltata;Verticale ed orizzontale;Sereno;Normale;Buona;Ore Diurne;0;0;0;2;12.5651;41.85363;-1;2;Autovettura privata;In marcia / fermata / arresto;Conducente;F;Illeso;0;;Non accertato;Inesploso
3356039;13;16/06/2017 11:20;Strada Urbana;VIALE DEL SOMMERGIBILE;in corrispondenza;;del civico n.;20;;Veicolo in marcia contro veicoli in sosta;Rettilineo;Due carreggiate;Asciutto;Asfaltata;Assente;Sereno;Normale;Buona;Ore Diurne;0;0;0;2;12.26201;41.73545;-1;1;Autovettura privata;In marcia / fermata / arresto;Conducente;F;Illeso;0;;Non accertato;Inesploso
3356039;13;16/06/2017 11:20;Strada Urbana;VIALE DEL SOMMERGIBILE;in corrispondenza;;del civico n.;20;;Veicolo in marcia contro veicoli in sosta;Rettilineo;Due carreggiate;Asciutto;Asfaltata;Assente;Sereno;Normale;Buona;Ore Diurne;0;0;0;2;12.26201;41.73545;-1;1;Autovettura privata;In marcia / fermata / arresto;Passeggero;F;Illeso;0;;Non accertato;Inesploso
3356047;10;16/06/2017 09:00;Strada Urbana;VIA BIAGIO PETROCELLI;all'intersezione con;VIALE LUIGI SCHIAVONETTI;VIALE LUIGI SCHIAVONETTI;;;Scontro laterale fra veicoli in marcia;Rotatoria;Una carreggiata a senso unico di marcia;Asciutto;Asfaltata;Verticale ed orizzontale;Sereno;Normale;Buona;Ore Diurne;0;0;0;2;12.60895;41.83932;-1;1;Autovettura privata;In marcia / fermata / arresto;Conducente;M;Illeso;0;;Non accertato;Inesploso
3356047;10;16/06/2017 09:00;Strada Urbana;VIA BIAGIO PETROCELLI;all'intersezione con;VIALE LUIGI SCHIAVONETTI;VIALE LUIGI SCHIAVONETTI;;;Scontro laterale fra veicoli in marcia;Rotatoria;Una carreggiata a senso unico di marcia;Asciutto;Asfaltata;Verticale ed orizzontale;Sereno;Normale;Buona;Ore Diurne;0;0;0;2;12.60895;41.83932;-1;2;Autocarro inferiore 35 q.;In marcia / fermata / arresto;Conducente;M;Illeso;0;;Non accertato;Inesploso
3356062;12;15/06/2017 21:00;Strada Urbana;VIA DELL'ORSA MINORE;all'intersezione con;VIALE DEGLI ASTRI;VIALE DEGLI ASTRI;;;Scontro frontale/laterale DX fra veicoli in marcia;Incrocio;Più di due carreggiate;Asciutto;Asfaltata;Verticale ed orizzontale;Sereno;Scarso;Buona;Sufficiente;0;0;0;3;12.44665;41.81209;-1;1;Autovettura privata;In marcia / fermata / arresto;Conducente;M;Illeso;0;;Non accertato;Inesploso
3356062;12;15/06/2017 21:00;Strada Urbana;VIA DELL'ORSA MINORE;all'intersezione con;VIALE DEGLI ASTRI;VIALE DEGLI ASTRI;;;Scontro frontale/laterale DX fra veicoli in marcia;Incrocio;Più di due carreggiate;Asciutto;Asfaltata;Verticale ed orizzontale;Sereno;Scarso;Buona;Sufficiente;0;0;0;3;12.44665;41.81209;-1;2;Autovettura privata;In marcia / fermata / arresto;Conducente;F;Illeso;0;;Non accertato;Inesploso
3356062;12;15/06/2017 21:00;Strada Urbana;VIA DELL'ORSA MINORE;all'intersezione con;VIALE DEGLI ASTRI;VIALE DEGLI ASTRI;;;Scontro frontale/laterale DX fra veicoli in marcia;Incrocio;Più di due carreggiate;Asciutto;Asfaltata;Verticale ed orizzontale;Sereno;Scarso;Buona;Sufficiente;0;0;0;3;12.44665;41.81209;-1;2;Autovettura privata;In marcia / fermata / arresto;Passeggero;F;Illeso;0;;;
3356104;15;16/06/2017 09:00;Strada Urbana;VIA QUIRINO MAJORANA;all'intersezione con;VIA GIOVANNI CASELLI;VIA GIOVANNI CASELLI;;;Scontro laterale fra veicoli in marcia;Intersezione semaforizzata;Due carreggiate;Asciutto;Asfaltata;Verticale ed orizzontale;Sereno;Normale;Buona;Ore Diurne;0;0;0;2;12.46223;41.86827;-1;1;Autovettura privata;In marcia / fermata / arresto;Conducente;F;Illeso;0;;;
3356104;15;16/06/2017 09:00;Strada Urbana;VIA QUIRINO MAJORANA;all'intersezione con;VIA GIOVANNI CASELLI;VIA GIOVANNI CASELLI;;;Scontro laterale fra veicoli in marcia;Intersezione semaforizzata;Due carreggiate;Asciutto;Asfaltata;Verticale ed orizzontale;Sereno;Normale;Buona;Ore Diurne;0;0;0;2;12.46223;41.86827;-1;2;Autocarro inferiore 35 q.;In marcia / fermata / arresto;Conducente;M;Illeso;0;;;
3356113;12;14/06/2017 20:10;Strada Urbana;PIAZZALE EUGENIO MORELLI;in prossimità;;del palo luce n.;139;;Infortunio per sola frenata improvvisa;Rettilineo;Due carreggiate;Asciutto;Asfaltata;Verticale ed orizzontale;Sereno;Normale;Sufficiente;Sufficiente;1;0;0;3;12.44353;41.86048;-1;1;Motociclo a solo;In marcia / fermata / arresto;Conducente;M;Rimandato;0;NON DECEDUTO;Utilizzato;
3356113;12;14/06/2017 20:10;Strada Urbana;PIAZZALE EUGENIO MORELLI;in prossimità;;del palo luce n.;139;;Infortunio per sola frenata improvvisa;Rettilineo;Due carreggiate;Asciutto;Asfaltata;Verticale ed orizzontale;Sereno;Normale;Sufficiente;Sufficiente;1;0;0;3;12.44353;41.86048;-1;2;Autovettura privata;In marcia / fermata / arresto;Conducente;M;Illeso;0;;;
3356113;12;14/06/2017 20:10;Strada Urbana;PIAZZALE EUGENIO MORELLI;in prossimità;;del palo luce n.;139;;Infortunio per sola frenata improvvisa;Rettilineo;Due carreggiate;Asciutto;Asfaltata;Verticale ed orizzontale;Sereno;Normale;Sufficiente;Sufficiente;1;0;0;3;12.44353;41.86048;-1;2;Autovettura privata;In marcia / fermata / arresto;Passeggero;M;Illeso;0;;;
3356113;12;14/06/2017 20:10;Strada Urbana;PIAZZALE EUGENIO MORELLI;in prossimità;;del palo luce n.;139;;Infortunio per sola frenata improvvisa;Rettilineo;Due carreggiate;Asciutto;Asfaltata;Verticale ed orizzontale;Sereno;Normale;Sufficiente;Sufficiente;1;0;0;3;12.44353;41.86048;-1;2;Autovettura privata;In marcia / fermata / arresto;Passeggero;M;Illeso;0;;;
3356125;20;16/06/2017 14:10;Regionale entro l'abitato;VIA CASSIA;in corrispondenza;;del civico n.;1866;;Tamponamento;Rettilineo;Una carreggiata a doppio senso;Asciutto;Asfaltata;Orizzontale;Sereno;Intenso;Buona;Ore Diurne;0;0;0;4;12.37684;42.01917;-1;1;Autovettura privata;In marcia / fermata / arresto;Conducente;F;Illeso;0;;Non accertato;Inesploso
3356125;20;16/06/2017 14:10;Regionale entro l'abitato;VIA CASSIA;in corrispondenza;;del civico n.;1866;;Tamponamento;Rettilineo;Una carreggiata a doppio senso;Asciutto;Asfaltata;Orizzontale;Sereno;Intenso;Buona;Ore Diurne;0;0;0;4;12.37684;42.01917;-1;1;Autovettura privata;In marcia / fermata / arresto;Passeggero;M;Illeso;0;;Non accertato;
3356125;20;16/06/2017 14:10;Regionale entro l'abitato;VIA CASSIA;in corrispondenza;;del civico n.;1866;;Tamponamento;Rettilineo;Una carreggiata a doppio senso;Asciutto;Asfaltata;Orizzontale;Sereno;Intenso;Buona;Ore Diurne;0;0;0;4;12.37684;42.01917;-1;2;Autovettura privata;In marcia / fermata / arresto;Conducente;F;Illeso;0;;Non accertato;Inesploso
3356125;20;16/06/2017 14:10;Regionale entro l'abitato;VIA CASSIA;in corrispondenza;;del civico n.;1866;;Tamponamento;Rettilineo;Una carreggiata a doppio senso;Asciutto;Asfaltata;Orizzontale;Sereno;Intenso;Buona;Ore Diurne;0;0;0;4;12.37684;42.01917;-1;2;Autovettura privata;In marcia / fermata / arresto;Passeggero;M;Illeso;0;;Non accertato;Inesploso
3356135;12;15/06/2017 22:55;Strada Urbana;VIA CRISTOFORO COLOMBO;da specificare;;;;LATERALE, DIR. EUR, ALT P.ZZA DEL LAVORO;Scontro laterale fra veicoli in marcia;Rettilineo;Più di due carreggiate;Asciutto;Asfaltata;Verticale ed orizzontale;Sereno;Normale;Buona;Sufficiente;1;0;0;1;12.41155;41.78584;-1;1;Autocarro inferiore 35 q.;In marcia / fermata / arresto;Conducente;M;Illeso;0;;;
3356135;12;15/06/2017 22:55;Strada Urbana;VIA CRISTOFORO COLOMBO;da specificare;;;;LATERALE, DIR. EUR, ALT P.ZZA DEL LAVORO;Scontro laterale fra veicoli in marcia;Rettilineo;Più di due carreggiate;Asciutto;Asfaltata;Verticale ed orizzontale;Sereno;Normale;Buona;Sufficiente;1;0;0;1;12.41155;41.78584;-1;2;Motociclo a solo;In marcia / fermata / arresto;Conducente;M;Rimandato;0;NON DECEDUTO;Non accertato;
3356145;9;16/06/2017 11:50;Strada Urbana;PIAZZALE APPIO;da specificare;;;;lato COIN;Veicolo in marcia contro veicolo arresto;Rettilineo;Una carreggiata a doppio senso;Asciutto;Asfaltata;Orizzontale;Sereno;Normale;Buona;Ore Diurne;0;0;0;4;12.50962;41.88537;-1;1;Autovettura privata;In marcia / fermata / arresto;Conducente;M;Illeso;0;;Non accertato;Inesploso