Protocollo;Gruppo;DataOraIncidente;Localizzazione1;STRADA1;Localizzazione2;STRADA2;Strada02;Chilometrica;DaSpecificare;NaturaIncidente;particolaritastrade;TipoStrada;FondoStradale;Pavimentazione;Segnaletica;CondizioneAtmosferica;Traffico;Visibilita;Illuminazione;NUM_FERITI;NUM_RISERVATA;NUM_MORTI;NUM_ILLESI;Longitudine;Latitudine;Confermato;Progressivo;TipoVeicolo;StatoVeicolo;TipoPersona;Sesso;Tipolesione;Deceduto;DecedutoDopo;CinturaCascoUtilizzato;Airbag
3359210;8;17/06/2017 08:20;Strada Urbana;VIA MUSSOMELI;all'intersezione con;VIA VILLAFRANCA TIRRENA;VIA VILLAFRANCA TIRRENA;;;Scontro laterale fra veicoli in marcia;Incrocio;Una carreggiata a doppio senso;Asciutto;Asfaltata;Verticale;Sereno;Scarso;Buona;Ore Diurne;0;0;0;1;12.67474;41.86318;-1;1;Autovettura privata;In marcia / fermata / arresto;Conducente;F;Illeso;0;;Non accertato;Inesploso
3359214;8;17/06/2017 11:25;Strada Urbana;VIA ALFONSO ALBERGHETTI;all'intersezione con;VIA CRISTOFANO ROBETTA;VIA CRISTOFANO ROBETTA;;;Scontro frontale/laterale DX fra veicoli in marcia;Incrocio;Una carreggiata a senso unico di marcia;Asciutto;Asfaltata;Verticale ed orizzontale;Sereno;Scarso;Sufficiente;Ore Diurne;2;0;0;2;12.62595;41.86599;-1;1;Autovettura privata;In marcia / fermata / arresto;Conducente;M;Illeso;0;;Non accertato;Inesploso
3359214;8;17/06/2017 11:25;Strada Urbana;VIA ALFONSO ALBERGHETTI;all'intersezione con;VIA CRISTOFANO ROBETTA;VIA CRISTOFANO ROBETTA;;;Scontro frontale/laterale DX fra veicoli in marcia;Incrocio;Una carreggiata a senso unico di marcia;Asciutto;Asfaltata;Verticale ed orizzontale;Sereno;Scarso;Sufficiente;Ore Diurne;2;0;0;2;12.62595;41.86599;-1;1;Autovettura privata;In marcia / fermata / arresto;Passeggero;F;Illeso;0;;Non accertato;Inesploso
3359214;8;17/06/2017 11:25;Strada Urbana;VIA ALFONSO ALBERGHETTI;all'intersezione con;VIA CRISTOFANO ROBETTA;VIA CRISTOFANO ROBETTA;;;Scontro frontale/laterale DX fra veicoli in marcia;Incrocio;Una carreggiata a senso unico di marcia;Asciutto;Asfaltata;Verticale ed orizzontale;Sereno;Scarso;Sufficiente;Ore Diurne;2;0;0;2;12.62595;41.86599;-1;2;Autovettura privata;In marcia / fermata / arresto;Conducente;F;Rifiuta cure immediate;0;NON DECEDUTO;Non accertato;Inesploso
3359214;8;17/06/2017 11:25;Strada Urbana;VIA ALFONSO ALBERGHETTI;all'intersezione con;VIA CRISTOFANO ROBETTA;VIA CRISTOFANO ROBETTA;;;Scontro frontale/laterale DX fra veicoli in marcia;Incrocio;Una carreggiata a senso unico di marcia;Asciutto;Asfaltata;Verticale ed orizzontale;Sereno;Scarso;Sufficiente;Ore Diurne;2;0;0;2;12.62595;41.86599;-1;2;Autovettura privata;In marcia / fermata / arresto;Passeggero;M;Rifiuta cure immediate;0;NON DECEDUTO;Non accertato;Inesploso
3359219;10;18/06/2017 16:15;Strada Urbana;VIA RAIMONDO SCINTU;in corrispondenza;;del civico n.;72;;Veicolo in marcia contro veicoli in sosta;Rettilineo;Due carreggiate;Asciutto;Asfaltata;Verticale ed orizzontale;Sereno;Scarso;Buona;Ore Diurne;0;0;0;5;12.58056;41.85426;-1;1;Autovettura privata;In marcia / fermata / arresto;Conducente;M;Illeso;0;;Non accertato;Inesploso
3359219;10;18/06/2017 16:15;Strada Urbana;VIA RAIMONDO SCINTU;in corrispondenza;;del civico n.;72;;Veicolo in marcia contro veicoli in sosta;Rettilineo;Due carreggiate;Asciutto;Asfaltata;Verticale ed orizzontale;Sereno;Scarso;Buona;Ore Diurne;0;0;0;5;12.58056;41.85426;-1;1;Autovettura privata;In marcia / fermata / arresto;Passeggero;F;Illeso;0;;Non accertato;Inesploso
3359219;10;18/06/2017 16:15;Strada Urbana;VIA RAIMONDO SCINTU;in corrispondenza;;del civico n.;72;;Veicolo in marcia contro veicoli in sosta;Rettilineo;Due carreggiate;Asciutto;Asfaltata;Verticale ed orizzontale;Sereno;Scarso;Buona;Ore Diurne;0;0;0;5;12.58056;41.85426;-1;1;Autovettura privata;In marcia / fermata / arresto;Passeggero;F;Illeso;0;;Non accertato;Inesploso
3359219;10;18/06/2017 16:15;Strada Urbana;VIA RAIMONDO SCINTU;in corrispondenza;;del civico n.;72;;Veicolo in marcia contro veicoli in sosta;Rettilineo;Due carreggiate;Asciutto;Asfaltata;Verticale ed orizzontale;Sereno;Scarso;Buona;Ore Diurne;0;0;0;5;12.58056;41.85426;-1;1;Autovettura privata;In marcia / fermata / arresto;Passeggero;F;Illeso;0;;Non accertato;Inesploso
3359219;10;18/06/2017 16:15;Strada Urbana;VIA RAIMONDO SCINTU;in corrispondenza;;del civico n.;72;;Veicolo in marcia contro veicoli in sosta;Rettilineo;Due carreggiate;Asciutto;Asfaltata;Verticale ed orizzontale;Sereno;Scarso;Buona;Ore Diurne;0;0;0;5;12.58056;41.85426;-1;1;Autovettura privata;In marcia / fermata / arresto;Passeggero;M;Illeso;0;;Non accertato;Inesploso
3359221;8;17/06/2017 10:50;Strada Urbana;VIALE DUILIO CAMBELLOTTI;da specificare;;;;"fr. capolinea linea ""20"" dir. Casilina";Tamponamento;Rettilineo;Una carreggiata a senso unico di marcia;Asciutto;Asfaltata;Verticale ed orizzontale;Sereno;Normale;Sufficiente;Ore Diurne;0;0;0;3;12.62966;41.86737;-1;1;Autovettura privata;In marcia / fermata / arresto;Conducente;M;Illeso;0;;Non accertato;Inesploso
3359221;8;17/06/2017 10:50;Strada Urbana;VIALE DUILIO CAMBELLOTTI;da specificare;;;;"fr. capolinea linea ""20"" dir. Casilina";Tamponamento;Rettilineo;Una carreggiata a senso unico di marcia;Asciutto;Asfaltata;Verticale ed orizzontale;Sereno;Normale;Sufficiente;Ore Diurne;0;0;0;3;12.62966;41.86737;-1;2;Autovettura privata;In marcia / fermata / arresto;Conducente;M;Illeso;0;;Non accertato;
3359221;8;17/06/2017 10:50;Strada Urbana;VIALE DUILIO CAMBELLOTTI;da specificare;;;;"fr. capolinea linea ""20"" dir. Casilina";Tamponamento;Rettilineo;Una carreggiata a senso unico di marcia;Asciutto;Asfaltata;Verticale ed orizzontale;Sereno;Normale;Sufficiente;Ore Diurne;0;0;0;3;12.62966;41.86737;-1;2;Autovettura privata;In marcia / fermata / arresto;Passeggero;F;Illeso;0;;Non accertato;
3359222;18;17/06/2017 15:00;Strada Urbana;VIA MONTE DEL MARMO;all'intersezione con;VIA DI CASAL DEL MARMO;VIA DI CASAL DEL MARMO;;;Tamponamento;Rotatoria;Una carreggiata a senso unico di marcia;Asciutto;Asfaltata;Verticale ed orizzontale;Sereno;Normale;Buona;Ore Diurne;0;0;0;2;12.38799;41.92879;-1;1;Autovettura privata;In marcia / fermata / arresto;Conducente;F;Illeso;0;;;
3359222;18;17/06/2017 15:00;Strada Urbana;VIA MONTE DEL MARMO;all'intersezione con;VIA DI CASAL DEL MARMO;VIA DI CASAL DEL MARMO;;;Tamponamento;Rotatoria;Una carreggiata a senso unico di marcia;Asciutto;Asfaltata;Verticale ed orizzontale;Sereno;Normale;Buona;Ore Diurne;0;0;0;2;12.38799;41.92879;-1;2;Autovettura privata;In marcia / fermata / arresto;Conducente;M;Illeso;0;;;
3359226;8;17/06/2017 17:30;Strada Urbana;VIA AMICO ASPERTINI;da specificare;;;;fr. intersezione Via O. Borgianni;Veicolo in marcia contro ostacolo accidentale;Curva a visuale libera;Una carreggiata a doppio senso;Asciutto;Asfaltata;Verticale ed orizzontale;Sereno;Normale;Buona;Ore Diurne;0;0;0;1;12.62994;41.87279;-1;1;Autovettura privata;In marcia / fermata / arresto;Conducente;M;Illeso;0;;Non accertato;Inesploso
3359233;8;18/06/2017 19:20;Strada Urbana;VIA DELL' OSTERIA DEL FINOCCHIO;in corrispondenza;;del palo luce n.;34;;Veicolo in marcia contro ostacolo accidentale;Rettilineo;Una carreggiata a doppio senso;Asciutto;Con buche;Orizzontale;Sereno;Scarso;Buona;Ore Diurne;0;0;0;3;12.68131;41.85867;-1;1;Autovettura privata;In marcia / fermata / arresto;Conducente;M;Illeso;0;;Non accertato;Inesploso
3359233;8;18/06/2017 19:20;Strada Urbana;VIA DELL' OSTERIA DEL FINOCCHIO;in corrispondenza;;del palo luce n.;34;;Veicolo in marcia contro ostacolo accidentale;Rettilineo;Una carreggiata a doppio senso;Asciutto;Con buche;Orizzontale;Sereno;Scarso;Buona;Ore Diurne;0;0;0;3;12.68131;41.85867;-1;1;Autovettura privata;In marcia / fermata / arresto;Passeggero;M;Illeso;0;;Non accertato;Inesploso
3359233;8;18/06/2017 19:20;Strada Urbana;VIA DELL' OSTERIA DEL FINOCCHIO;in corrispondenza;;del palo luce n.;34;;Veicolo in marcia contro ostacolo accidentale;Rettilineo;Una carreggiata a doppio senso;Asciutto;Con buche;Orizzontale;Sereno;Scarso;Buona;Ore Diurne;0;0;0;3;12.68131;41.85867;-1;1;Autovettura privata;In marcia / fermata / arresto;Passeggero;M;Illeso;0;;Non accertato;Inesploso
3359237;8;18/06/2017 19:30;Strada Urbana;VIA DI TOR VERGATA;in corrispondenza;;del palo luce n.;56;;Veicolo in marcia contro ostacolo accidentale;Rettilineo;Più di due carreggiate;Asciutto;Asfaltata;Verticale ed orizzontale;Sereno;Normale;Buona;Ore Diurne;0;0;0;2;12.62265;41.8469;-1;1;Autovettura privata;In marcia / fermata / arresto;Conducente;M;Illeso;0;;Non accertato;Inesploso
3359237;8;18/06/2017 19:30;Strada Urbana;VIA DI TOR VERGATA;in corrispondenza;;del palo luce n.;56;;Veicolo in marcia contro ostacolo accidentale;Rettilineo;Più di due carreggiate;Asciutto;Asfaltata;Verticale ed orizzontale;Sereno;Normale;Buona;Ore Diurne;0;0;0;2;12.62265;41.8469;-1;1;Autovettura privata;In marcia / fermata / arresto;Passeggero;M;Illeso;0;;Non accertato;Inesploso
3359241;4;16/06/2017 10:00;Strada Urbana;VIA CAPRAIA;all'intersezione con;VIA TONALE;VIA TONALE;;;Scontro frontale/laterale DX fra veicoli in marcia;Intersezione non regolata/non segnalata;Una carreggiata a doppio senso;Asciutto;Asfaltata;Assente;Sereno;Normale;Buona;Ore Diurne;0;0;0;3;12.53481;41.9487;-1;1;Autovettura privata;In marcia / fermata / arresto;Conducente;M;Illeso;0;;Non accertato;
3359241;4;16/06/2017 10:00;Strada Urbana;VIA CAPRAIA;all'intersezione con;VIA TONALE;VIA TONALE;;;Scontro frontale/laterale DX fra veicoli in marcia;Intersezione non regolata/non segnalata;Una carreggiata a doppio senso;Asciutto;Asfaltata;Assente;Sereno;Normale;Buona;Ore Diurne;0;0;0;3;12.53481;41.9487;-1;2;Macchina operatrice;In marcia / fermata / arresto;Conducente;M;Illeso;0;;Non accertato;
3359241;4;16/06/2017 10:00;Strada Urbana;VIA CAPRAIA;all'intersezione con;VIA TONALE;VIA TONALE;;;Scontro frontale/laterale DX fra veicoli in marcia;Intersezione non regolata/non segnalata;Una carreggiata a doppio senso;Asciutto;Asfaltata;Assente;Sereno;Normale;Buona;Ore Diurne;0;0;0;3;12.53481;41.9487;-1;2;Macchina operatrice;In marcia / fermata / arresto;Passeggero;M;Illeso;0;;Non accertato;Inesploso
3359244;8;18/06/2017 19:45;Strada Urbana;VIA DELL' OSTERIA DEL FINOCCHIO;in corrispondenza;;del palo luce n.;34;;Veicolo in marcia contro ostacolo accidentale;Rettilineo;Una carreggiata a doppio senso;Asciutto;Con buche;Verticale;Sereno;Scarso;Buona;Ore Diurne;0;0;0;1;12.68131;41.85867;-1;1;Autovettura privata;In marcia / fermata / arresto;Conducente;M;Illeso;0;;Non accertato;Inesploso
3359245;2;18/06/2017 19:25;Strada Urbana;CIRCONVALLAZIONE SALARIA;da specificare;;;;rampa di accesso viale Somalia;Tamponamento;Curva senza visuale libera;Una carreggiata a senso unico di marcia;Asciutto;Asfaltata;Verticale ed orizzontale;Sereno;Normale;Buona;Ore Diurne;0;0;0;5;12.52085;41.93447;-1;1;Autovettura privata;In marcia / fermata / arresto;Conducente;F;Illeso;0;;Non accertato;Inesploso
3359245;2;18/06/2017 19:25;Strada Urbana;CIRCONVALLAZIONE SALARIA;da specificare;;;;rampa di accesso viale Somalia;Tamponamento;Curva senza visuale libera;Una carreggiata a senso unico di marcia;Asciutto;Asfaltata;Verticale ed orizzontale;Sereno;Normale;Buona;Ore Diurne;0;0;0;5;12.52085;41.93447;-1;1;Autovettura privata;In marcia / fermata / arresto;Passeggero;F;Illeso;0;;Non accertato;Inesploso
3359245;2;18/06/2017 19:25;Strada Urbana;CIRCONVALLAZIONE SALARIA;da specificare;;;;rampa di accesso viale Somalia;Tamponamento;Curva senza visuale libera;Una carreggiata a senso unico di marcia;Asciutto;Asfaltata;Verticale ed orizzontale;Sereno;Normale;Buona;Ore Diurne;0;0;0;5;12.52085;41.93447;-1;1;Autovettura privata;In marcia / fermata / arresto;Passeggero;F;Illeso;0;;Non accertato;Inesploso
3359245;2;18/06/2017 19:25;Strada Urbana;CIRCONVALLAZIONE SALARIA;da specificare;;;;rampa di accesso viale Somalia;Tamponamento;Curva senza visuale libera;Una carreggiata a senso unico di marcia;Asciutto;Asfaltata;Verticale ed orizzontale;Sereno;Normale;Buona;Ore Diurne;0;0;0;5;12.52085;41.93447;-1;2;Autovettura privata;In marcia / fermata / arresto;Conducente;F;Illeso;0;;Non accertato;Inesploso
3359245;2;18/06/2017 19:25;Strada Urbana;CIRCONVALLAZIONE SALARIA;da specificare;;;;rampa di accesso viale Somalia;Tamponamento;Curva senza visuale libera;Una carreggiata a senso unico di marcia;Asciutto;Asfaltata;Verticale ed orizzontale;Sereno;Normale;Buona;Ore Diurne;0;0;0;5;12.52085;41.93447;-1;2;Autovettura privata;In marcia / fermata / arresto;Passeggero;M;Illeso;0;;Non accertato;Inesploso
3359249;8;18/06/2017 22:10;Strada Urbana;VIA DEL CASALE FERRANTI;da specificare;;;;fronte palo Acea n° T.V.97;Scontro laterale fra veicoli in marcia;Rettilineo;Una carreggiata a senso unico di marcia;Asciutto;Asfaltata;Verticale ed orizzontale;Sereno;Scarso;Insufficiente;Insufficiente;0;0;0;1;12.58533;41.83439;-1;1;Autovettura privata;In marcia / fermata / arresto;Conducente;M;Illeso;0;;Non accertato;Inesploso
3359255;2;18/06/2017 10:25;Strada Urbana;PIAZZA ACILIA;da specificare;;;;fronte civ. 3b;Tamponamento;Rotatoria;Una carreggiata a senso unico di marcia;Asciutto;Asfaltata;Verticale;Sereno;Scarso;Buona;Ore Diurne;0;0;0;4;12.51241;41.92891;-1;1;Autovettura privata;In marcia / fermata / arresto;Conducente;M;Illeso;0;;Non accertato;Inesploso
3359255;2;18/06/2017 10:25;Strada Urbana;PIAZZA ACILIA;da specificare;;;;fronte civ. 3b;Tamponamento;Rotatoria;Una carreggiata a senso unico di marcia;Asciutto;Asfaltata;Verticale;Sereno;Scarso;Buona;Ore Diurne;0;0;0;4;12.51241;41.92891;-1;1;Autovettura privata;In marcia / fermata / arresto;Passeggero;F;Illeso;0;;Non accertato;Inesploso
3359255;2;18/06/2017 10:25;Strada Urbana;PIAZZA ACILIA;da specificare;;;;fronte civ. 3b;Tamponamento;Rotatoria;Una carreggiata a senso unico di marcia;Asciutto;Asfaltata;Verticale;Sereno;Scarso;Buona;Ore Diurne;0;0;0;4;12.51241;41.92891;-1;2;Autovettura privata;In marcia / fermata / arresto;Conducente;F;Illeso;0;;Non accertato;Inesploso
3359255;2;18/06/2017 10:25;Strada Urbana;PIAZZA ACILIA;da specificare;;;;fronte civ. 3b;Tamponamento;Rotatoria;Una carreggiata a senso unico di marcia;Asciutto;Asfaltata;Verticale;Sereno;Scarso;Buona;Ore Diurne;0;0;0;4;12.51241;41.92891;-1;2;Autovettura privata;In marcia / fermata / arresto;Passeggero;F;Illeso;0;;Non accertato;Inesploso
3359259;13;18/06/2017 19:30;Strada Urbana;VIA CRISTOFORO COLOMBO;da specificare;;;;carreggiata laterale - dir. Roma;Tamponamento;Rettilineo;Più di due carreggiate;Asciutto;Asfaltata;Verticale ed orizzontale;Sereno;Normale;Buona;Ore Diurne;1;0;0;2;12.41155;41.78584;-1;1;Autovettura privata;In marcia / fermata / arresto;Conducente;M;Illeso;0;;Non accertato;Inesploso
3359259;13;18/06/2017 19:30;Strada Urbana;VIA CRISTOFORO COLOMBO;da specificare;;;;carreggiata laterale - dir. Roma;Tamponamento;Rettilineo;Più di due carreggiate;Asciutto;Asfaltata;Verticale ed orizzontale;Sereno;Normale;Buona;Ore Diurne;1;0;0;2;12.41155;41.78584;-1;1;Autovettura privata;In marcia / fermata / arresto;Passeggero;F;Rimandato;0;NON DECEDUTO;Non accertato;Inesploso
3359259;13;18/06/2017 19:30;Strada Urbana;VIA CRISTOFORO COLOMBO;da specificare;;;;carreggiata laterale - dir. Roma;Tamponamento;Rettilineo;Più di due carreggiate;Asciutto;Asfaltata;Verticale ed orizzontale;Sereno;Normale;Buona;Ore Diurne;1;0;0;2;12.41155;41.78584;-1;2;Autovettura privata;In marcia / fermata / arresto;Conducente;M;Illeso;0;;Non accertato;Inesploso
3359265;13;18/06/2017 22:30;Strada Urbana;VIA DELL'IDROSCALO;all'intersezione con;VIA ARDUINO FORGIARINI;VIA ARDUINO FORGIARINI;;;Scontro frontale/laterale SX fra veicoli in marcia;Incrocio;Una carreggiata a doppio senso;Asciutto;Asfaltata;Verticale ed orizzontale;Sereno;Scarso;Sufficiente;Sufficiente;1;0;0;4;12.25186;41.73948;-1;1;Autovettura privata;In marcia / fermata / arresto;Conducente;M;Illeso;0;;Non accertato;Inesploso
3359265;13;18/06/2017 22:30;Strada Urbana;VIA DELL'IDROSCALO;all'intersezione con;VIA ARDUINO FORGIARINI;VIA ARDUINO FORGIARINI;;;Scontro frontale/laterale SX fra veicoli in marcia;Incrocio;Una carreggiata a doppio senso;Asciutto;Asfaltata;Verticale ed orizzontale;Sereno;Scarso;Sufficiente;Sufficiente;1;0;0;4;12.25186;41.73948;-1;1;Autovettura privata;In marcia / fermata / arresto;Passeggero;F;Rimandato;0;NON DECEDUTO;Utilizzato;Inesploso
3359265;13;18/06/2017 22:30;Strada Urbana;VIA DELL'IDROSCALO;all'intersezione con;VIA ARDUINO FORGIARINI;VIA ARDUINO FORGIARINI;;;Scontro frontale/laterale SX fra veicoli in marcia;Incrocio;Una carreggiata a doppio senso;Asciutto;Asfaltata;Verticale ed orizzontale;Sereno;Scarso;Sufficiente;Sufficiente;1;0;0;4;12.25186;41.73948;-1;1;Autovettura privata;In marcia / fermata / arresto;Passeggero;M;Illeso;0;;Non accertato;Inesploso
3359265;13;18/06/2017 22:30;Strada Urbana;VIA DELL'IDROSCALO;all'intersezione con;VIA ARDUINO FORGIARINI;VIA ARDUINO FORGIARINI;;;Scontro frontale/laterale SX fra veicoli in marcia;Incrocio;Una carreggiata a doppio senso;Asciutto;Asfaltata;Verticale ed orizzontale;Sereno;Scarso;Sufficiente;Sufficiente;1;0;0;4;12.25186;41.73948;-1;1;Autovettura privata;In marcia / fermata / arresto;Passeggero;F;Illeso;0;;Non accertato;Inesploso
3359265;13;18/06/2017 22:30;Strada Urbana;VIA DELL'IDROSCALO;all'intersezione con;VIA ARDUINO FORGIARINI;VIA ARDUINO FORGIARINI;;;Scontro frontale/laterale SX fra veicoli in marcia;Incrocio;Una carreggiata a doppio senso;Asciutto;Asfaltata;Verticale ed orizzontale;Sereno;Scarso;Sufficiente;Sufficiente;1;0;0;4;12.25186;41.73948;-1;2;Autovettura privata;In marcia / fermata / arresto;Conducente;M;Illeso;0;;Non accertato;Inesploso
3359272;2;19/06/2017 01:45;Strada Urbana;SOTTOVIA IGNAZIO GUIDI;da specificare;;;;pross. uscita Nomentana;Veicolo in marcia contro ostacolo fisso;Sottopasso illuminato;Due carreggiate;Asciutto;Asfaltata;Orizzontale;Sereno;Scarso;Buona;Sufficiente;1;0;0;0;12.50175;41.90916;-1;1;Motociclo a solo;In marcia / fermata / arresto;Conducente;M;Rimandato;0;NON DECEDUTO;;
3359314;4;16/06/2017 10:10;Strada Urbana;VIA ABETONE;in prossimità;;del civico n.;15;;Tamponamento;Rettilineo;Una carreggiata a senso unico di marcia;Asciutto;Asfaltata;Verticale ed orizzontale;Sereno;Scarso;Buona;Ore Diurne;0;0;0;4;12.53601;41.93685;-1;1;Motociclo a solo;In marcia / fermata / arresto;Conducente;M;Illeso;0;;;
3359314;4;16/06/2017 10:10;Strada Urbana;VIA ABETONE;in prossimità;;del civico n.;15;;Tamponamento;Rettilineo;Una carreggiata a senso unico di marcia;Asciutto;Asfaltata;Verticale ed orizzontale;Sereno;Scarso;Buona;Ore Diurne;0;0;0;4;12.53601;41.93685;-1;2;Autovettura privata;In marcia / fermata / arresto;Conducente;M;Illeso;0;;;
3359314;4;16/06/2017 10:10;Strada Urbana;VIA ABETONE;in prossimità;;del civico n.;15;;Tamponamento;Rettilineo;Una carreggiata a senso unico di marcia;Asciutto;Asfaltata;Verticale ed orizzontale;Sereno;Scarso;Buona;Ore Diurne;0;0;0;4;12.53601;41.93685;-1;2;Autovettura privata;In marcia / fermata / arresto;Passeggero;F;Illeso;0;;;
3359314;4;16/06/2017 10:10;Strada Urbana;VIA ABETONE;in prossimità;;del civico n.;15;;Tamponamento;Rettilineo;Una carreggiata a senso unico di marcia;Asciutto;Asfaltata;Verticale ed orizzontale;Sereno;Scarso;Buona;Ore Diurne;0;0;0;4;12.53601;41.93685;-1;2;Autovettura privata;In marcia / fermata / arresto;Passeggero;F;Illeso;0;;;
3359315;12;18/06/2017 07:00;Strada Urbana;VIA DI VALLERANO;in prossimità;;del palo luce n.;46;;Veicolo in marcia contro ostacolo fisso;Rettilineo;Due carreggiate;Asciutto;Asfaltata;Verticale ed orizzontale;Sereno;Scarso;Buona;Ore Diurne;0;0;1;0;;;0;1;Autovettura privata;In marcia / fermata / arresto;Conducente;M;Deceduto sul posto;-1;;Non accertato;Inesploso
3359316;17;17/06/2017 11:40;Strada Urbana;PIAZZALE CLODIO;all'intersezione con;VIA AUGUSTO RIBOTY;VIA AUGUSTO RIBOTY;;;Tamponamento;Intersezione stradale segnalata;Una carreggiata a doppio senso;Asciutto;Asfaltata;Verticale ed orizzontale;Sereno;Normale;Buona;Ore Diurne;1;0;0;1;12.45401;41.9159;0;1;Autovettura privata;In marcia / fermata / arresto;Conducente;M;Rimandato;0;NON DECEDUTO;;
3359316;17;17/06/2017 11:40;Strada Urbana;PIAZZALE CLODIO;all'intersezione con;VIA AUGUSTO RIBOTY;VIA AUGUSTO RIBOTY;;;Tamponamento;Intersezione stradale segnalata;Una carreggiata a doppio senso;Asciutto;Asfaltata;Verticale ed orizzontale;Sereno;Normale;Buona;Ore Diurne;1;0;0;1;12.45401;41.9159;0;2;Autovettura privata;In marcia / fermata / arresto;Conducente;M;Illeso;0;;;
3359317;13;19/06/2017 02:00;Strada Urbana;VIALE DEI ROMAGNOLI;da specificare;;;;prossimità multisala Cineland;Ribaltamento senza urto contro ostacolo fisso;Rettilineo;Una carreggiata a senso unico di marcia;Asciutto;Asfaltata;Assente;Sereno;Scarso;Insufficiente;Inesistente;0;0;0;2;12.32241;41.76913;-1;1;Autovettura privata;In marcia / fermata / arresto;Conducente;F;Illeso;0;;;
3359317;13;19/06/2017 02:00;Strada Urbana;VIALE DEI ROMAGNOLI;da specificare;;;;prossimità multisala Cineland;Ribaltamento senza urto contro ostacolo fisso;Rettilineo;Una carreggiata a senso unico di marcia;Asciutto;Asfaltata;Assente;Sereno;Scarso;Insufficiente;Inesistente;0;0;0;2;12.32241;41.76913;-1;1;Autovettura privata;In marcia / fermata / arresto;Passeggero;M;Illeso;0;;;
3359319;6;18/06/2017 23:40;Strada Urbana;VIALE PALMIRO TOGLIATTI;in prossimità;;del civico n.;537;;Tamponamento;Rettilineo;Due carreggiate;Asciutto;Asfaltata;Verticale;Sereno;Scarso;Sufficiente;Sufficiente;3;0;0;1;12.57047;41.87546;-1;1;Autovettura privata;In marcia / fermata / arresto;Conducente;F;Rifiuta cure immediate;0;NON DECEDUTO;;
3359319;6;18/06/2017 23:40;Strada Urbana;VIALE PALMIRO TOGLIATTI;in prossimità;;del civico n.;537;;Tamponamento;Rettilineo;Due carreggiate;Asciutto;Asfaltata;Verticale;Sereno;Scarso;Sufficiente;Sufficiente;3;0;0;1;12.57047;41.87546;-1;1;Autovettura privata;In marcia / fermata / arresto;Passeggero;F;Rifiuta cure immediate;0;NON DECEDUTO;;
3359319;6;18/06/2017 23:40;Strada Urbana;VIALE PALMIRO TOGLIATTI;in prossimità;;del civico n.;537;;Tamponamento;Rettilineo;Due carreggiate;Asciutto;Asfaltata;Verticale;Sereno;Scarso;Sufficiente;Sufficiente;3;0;0;1;12.57047;41.87546;-1;1;Autovettura privata;In marcia / fermata / arresto;Passeggero;F;Rifiuta cure immediate;0;NON DECEDUTO;;
3359319;6;18/06/2017 23:40;Strada Urbana;VIALE PALMIRO TOGLIATTI;in prossimità;;del civico n.;537;;Tamponamento;Rettilineo;Due carreggiate;Asciutto;Asfaltata;Verticale;Sereno;Scarso;Sufficiente;Sufficiente;3;0;0;1;12.57047;41.87546;-1;2;Autovettura privata;In marcia / fermata / arresto;Conducente;M;Illeso;0;;;
3359333;4;16/06/2017 20:15;Strada Urbana;VIA GARGANO;in corrispondenza;;del civico n.;17F;;Scontro laterale fra veicoli in marcia;Rettilineo;Una carreggiata a doppio senso;Asciutto;Asfaltata;Verticale ed orizzontale;Sereno;Normale;Sufficiente;Sufficiente;0;0;0;2;12.53423;41.93629;-1;1;Autovettura pubblica;In marcia / fermata / arresto;Conducente;M;Illeso;0;;Non accertato;Inesploso
3359333;4;16/06/2017 20:15;Strada Urbana;VIA GARGANO;in corrispondenza;;del civico n.;17F;;Scontro laterale fra veicoli in marcia;Rettilineo;Una carreggiata a doppio senso;Asciutto;Asfaltata;Verticale ed orizzontale;Sereno;Normale;Sufficiente;Sufficiente;0;0;0;2;12.53423;41.93629;-1;2;Motociclo a solo;In marcia / fermata / arresto;Conducente;M;Illeso;0;;Non accertato;
3359335;16;16/06/2017 17:00;Strada Urbana;VIALE ISACCO NEWTON;da specificare;;;;semaforo pedonale altezza civico 14;Veicolo in marcia contro veicolo arresto;Rettilineo;Due carreggiate;Asciutto;Asfaltata;Verticale ed orizzontale;Sereno;Normale;Buona;Ore Diurne;1;0;0;1;12.44238;41.84875;-1;1;Autovettura privata;In marcia / fermata / arresto;Conducente;F;Illeso;0;;Non accertato;Inesploso
3359335;16;16/06/2017 17:00;Strada Urbana;VIALE ISACCO NEWTON;da specificare;;;;semaforo pedonale altezza civico 14;Veicolo in marcia contro veicolo arresto;Rettilineo;Due carreggiate;Asciutto;Asfaltata;Verticale ed orizzontale;Sereno;Normale;Buona;Ore Diurne;1;0;0;1;12.44238;41.84875;-1;2;Motociclo a solo;In marcia / fermata / arresto;Conducente;M;Rimandato;0;NON DECEDUTO;Non accertato;
3359375;6;19/06/2017 10:10;Strada Urbana;VIALE DELLA SERENISSIMA;all'intersezione semaforizzata con;VIA PRENESTINA;VIA PRENESTINA;;;Tamponamento;Intersezione semaforizzata;Due carreggiate;Asciutto;Asfaltata;Verticale ed orizzontale;Sereno;Normale;Buona;Ore Diurne;0;0;0;3;12.55909;41.89492;-1;1;Autovettura privata;In marcia / fermata / arresto;Conducente;M;Illeso;0;;Non accertato;Inesploso