Protocollo;Gruppo;DataOraIncidente;Localizzazione1;STRADA1;Localizzazione2;STRADA2;Strada02;Chilometrica;DaSpecificare;NaturaIncidente;particolaritastrade;TipoStrada;FondoStradale;Pavimentazione;Segnaletica;CondizioneAtmosferica;Traffico;Visibilita;Illuminazione;NUM_FERITI;NUM_RISERVATA;NUM_MORTI;NUM_ILLESI;Longitudine;Latitudine;Confermato;Progressivo;TipoVeicolo;StatoVeicolo;TipoPersona;Sesso;Tipolesione;Deceduto;DecedutoDopo;CinturaCascoUtilizzato;Airbag
3359594;3;16/06/2017 23:45;Strada Urbana;VIA DEI RAMNI;all'intersezione con;VIA DEI LUCERI;VIA DEI LUCERI;;;Scontro frontale/laterale SX fra veicoli in marcia;Incrocio;Due carreggiate;Asciutto;Asfaltata;Verticale ed orizzontale;Sereno;Normale;Buona;Sufficiente;1;0;0;3;12.51154;41.89945;-1;2;Autovettura privata;In marcia / fermata / arresto;Passeggero;F;Illeso;0;;Non accertato;Inesploso
3359628;3;16/06/2017 15:00;Strada Urbana;CIRCONVALLAZIONE NOMENTANA;da specificare;;;;rampa uscita montesacro/Nomentana;Tamponamento;Pendenza;Una carreggiata a senso unico di marcia;Asciutto;Asfaltata;Verticale ed orizzontale;Sereno;Intenso;Buona;Ore Diurne;1;0;0;1;12.52765;41.92896;-1;1;Autovettura privata;In marcia / fermata / arresto;Conducente;F;Illeso;0;;Non accertato;
3359628;3;16/06/2017 15:00;Strada Urbana;CIRCONVALLAZIONE NOMENTANA;da specificare;;;;rampa uscita montesacro/Nomentana;Tamponamento;Pendenza;Una carreggiata a senso unico di marcia;Asciutto;Asfaltata;Verticale ed orizzontale;Sereno;Intenso;Buona;Ore Diurne;1;0;0;1;12.52765;41.92896;-1;2;Motociclo a solo;In marcia / fermata / arresto;Conducente;M;Ricoverato;0;NON DECEDUTO;Non accertato;
3359646;3;16/06/2017 14:00;Strada Urbana;VIA GIOVANNI MARIA LANCISI;all'intersezione con;PIAZZA SASSARI;PIAZZA SASSARI;;;Scontro laterale fra veicoli in marcia;Intersezione semaforizzata;Una carreggiata a senso unico di marcia;Asciutto;Asfaltata;Verticale ed orizzontale;Sereno;Normale;Buona;Ore Diurne;0;0;0;4;12.51041;41.90888;-1;1;Autocarro inferiore 35 q.;In marcia / fermata / arresto;Conducente;M;Illeso;0;;Non accertato;Inesploso
3359646;3;16/06/2017 14:00;Strada Urbana;VIA GIOVANNI MARIA LANCISI;all'intersezione con;PIAZZA SASSARI;PIAZZA SASSARI;;;Scontro laterale fra veicoli in marcia;Intersezione semaforizzata;Una carreggiata a senso unico di marcia;Asciutto;Asfaltata;Verticale ed orizzontale;Sereno;Normale;Buona;Ore Diurne;0;0;0;4;12.51041;41.90888;-1;2;Autovettura privata;In marcia / fermata / arresto;Conducente;F;Illeso;0;;Non accertato;Inesploso
3359646;3;16/06/2017 14:00;Strada Urbana;VIA GIOVANNI MARIA LANCISI;all'intersezione con;PIAZZA SASSARI;PIAZZA SASSARI;;;Scontro laterale fra veicoli in marcia;Intersezione semaforizzata;Una carreggiata a senso unico di marcia;Asciutto;Asfaltata;Verticale ed orizzontale;Sereno;Normale;Buona;Ore Diurne;0;0;0;4;12.51041;41.90888;-1;2;Autovettura privata;In marcia / fermata / arresto;Passeggero;F;Illeso;0;;Non accertato;Inesploso
3359646;3;16/06/2017 14:00;Strada Urbana;VIA GIOVANNI MARIA LANCISI;all'intersezione con;PIAZZA SASSARI;PIAZZA SASSARI;;;Scontro laterale fra veicoli in marcia;Intersezione semaforizzata;Una carreggiata a senso unico di marcia;Asciutto;Asfaltata;Verticale ed orizzontale;Sereno;Normale;Buona;Ore Diurne;0;0;0;4;12.51041;41.90888;-1;2;Autovettura privata;In marcia / fermata / arresto;Passeggero;F;Illeso;0;;Non accertato;Inesploso
3359661;3;16/06/2017 19:10;Strada Urbana;PIAZZALE ALDO MORO;da specificare;;;;FRONTE CIVICO 5;Tamponamento;Rettilineo;Due carreggiate;Asciutto;Asfaltata;Verticale ed orizzontale;Sereno;Normale;Buona;Ore Diurne;1;0;0;1;12.51189;41.90213;-1;1;Autovettura pubblica;In marcia / fermata / arresto;Conducente;M;Illeso;0;;Non accertato;Inesploso
3359661;3;16/06/2017 19:10;Strada Urbana;PIAZZALE ALDO MORO;da specificare;;;;FRONTE CIVICO 5;Tamponamento;Rettilineo;Due carreggiate;Asciutto;Asfaltata;Verticale ed orizzontale;Sereno;Normale;Buona;Ore Diurne;1;0;0;1;12.51189;41.90213;-1;2;Autovettura privata;In marcia / fermata / arresto;Conducente;M;Rimandato;0;NON DECEDUTO;Non accertato;Esploso
3359753;20;19/06/2017 13:20;Regionale entro l'abitato;VIA CASSIA;in corrispondenza;;del civico n.;1628;;Scontro frontale/laterale DX fra veicoli in marcia;Rettilineo;Una carreggiata a doppio senso;Asciutto;Asfaltata;Verticale ed orizzontale;Sereno;Scarso;Buona;Ore Diurne;0;0;0;2;12.38381;42.00214;-1;1;Autovettura privata;In marcia / fermata / arresto;Conducente;M;Illeso;0;;Non accertato;Inesploso
3359753;20;19/06/2017 13:20;Regionale entro l'abitato;VIA CASSIA;in corrispondenza;;del civico n.;1628;;Scontro frontale/laterale DX fra veicoli in marcia;Rettilineo;Una carreggiata a doppio senso;Asciutto;Asfaltata;Verticale ed orizzontale;Sereno;Scarso;Buona;Ore Diurne;0;0;0;2;12.38381;42.00214;-1;2;Autovettura privata;In marcia / fermata / arresto;Conducente;M;Illeso;0;;Non accertato;Inesploso
3359759;17;17/06/2017 23:30;Strada Urbana;PIAZZALE DEGLI EROI;all'intersezione con;VIA VITTOR PISANI;VIA VITTOR PISANI;;;Scontro laterale fra veicoli in marcia;Incrocio;Una carreggiata a senso unico di marcia;Asciutto;Asfaltata;Verticale ed orizzontale;Sereno;Normale;Sufficiente;Sufficiente;0;0;0;5;12.44862;41.90865;-1;1;Autoambulanza;In marcia / fermata / arresto;Conducente;M;Illeso;0;;;Inesploso
3359759;17;17/06/2017 23:30;Strada Urbana;PIAZZALE DEGLI EROI;all'intersezione con;VIA VITTOR PISANI;VIA VITTOR PISANI;;;Scontro laterale fra veicoli in marcia;Incrocio;Una carreggiata a senso unico di marcia;Asciutto;Asfaltata;Verticale ed orizzontale;Sereno;Normale;Sufficiente;Sufficiente;0;0;0;5;12.44862;41.90865;-1;1;Autoambulanza;In marcia / fermata / arresto;Passeggero;M;Illeso;0;;;
3359759;17;17/06/2017 23:30;Strada Urbana;PIAZZALE DEGLI EROI;all'intersezione con;VIA VITTOR PISANI;VIA VITTOR PISANI;;;Scontro laterale fra veicoli in marcia;Incrocio;Una carreggiata a senso unico di marcia;Asciutto;Asfaltata;Verticale ed orizzontale;Sereno;Normale;Sufficiente;Sufficiente;0;0;0;5;12.44862;41.90865;-1;1;Autoambulanza;In marcia / fermata / arresto;Passeggero;M;Illeso;0;;;
3359759;17;17/06/2017 23:30;Strada Urbana;PIAZZALE DEGLI EROI;all'intersezione con;VIA VITTOR PISANI;VIA VITTOR PISANI;;;Scontro laterale fra veicoli in marcia;Incrocio;Una carreggiata a senso unico di marcia;Asciutto;Asfaltata;Verticale ed orizzontale;Sereno;Normale;Sufficiente;Sufficiente;0;0;0;5;12.44862;41.90865;-1;2;Autovettura privata;In marcia / fermata / arresto;Conducente;M;Illeso;0;;;
3359759;17;17/06/2017 23:30;Strada Urbana;PIAZZALE DEGLI EROI;all'intersezione con;VIA VITTOR PISANI;VIA VITTOR PISANI;;;Scontro laterale fra veicoli in marcia;Incrocio;Una carreggiata a senso unico di marcia;Asciutto;Asfaltata;Verticale ed orizzontale;Sereno;Normale;Sufficiente;Sufficiente;0;0;0;5;12.44862;41.90865;-1;2;Autovettura privata;In marcia / fermata / arresto;Passeggero;M;Illeso;0;;;Inesploso
3359767;11;19/06/2017 12:00;Strada Urbana;VICOLO DELL'ANNUNZIATELLA;in corrispondenza;;del civico n.;83;;Veicolo in marcia contro ostacolo fisso;Rettilineo;Una carreggiata a senso unico di marcia;Asciutto;Asfaltata;Orizzontale;Sereno;Normale;Buona;Ore Diurne;0;0;0;1;12.51157;41.83662;-1;1;Autovettura privata;In marcia / fermata / arresto;Conducente;M;Illeso;0;;;
3359816;7;19/06/2017 10:30;Strada Urbana;VIALE DELLA BELLA VILLA;in prossimità;;del civico n.;56;;Veicolo in marcia contro veicolo in sosta;Rettilineo;Una carreggiata a doppio senso;Asciutto;Asfaltata;Verticale ed orizzontale;Sereno;Normale;Buona;Ore Diurne;0;0;0;1;12.5784;41.87309;-1;1;Autovettura privata;In marcia / fermata / arresto;Conducente;M;Illeso;0;;;
3359822;11;19/06/2017 13:00;Strada Urbana;VIA EUSEBIO CHINI;in corrispondenza;;del civico n.;14;;Scontro laterale fra veicoli in marcia;Rettilineo;Una carreggiata a doppio senso;Asciutto;Asfaltata;Verticale ed orizzontale;Sereno;Normale;Buona;Ore Diurne;0;0;0;2;12.49982;41.86293;-1;1;Autovettura privata;In marcia / fermata / arresto;Conducente;F;Illeso;0;;Non accertato;Inesploso
3359822;11;19/06/2017 13:00;Strada Urbana;VIA EUSEBIO CHINI;in corrispondenza;;del civico n.;14;;Scontro laterale fra veicoli in marcia;Rettilineo;Una carreggiata a doppio senso;Asciutto;Asfaltata;Verticale ed orizzontale;Sereno;Normale;Buona;Ore Diurne;0;0;0;2;12.49982;41.86293;-1;2;Autovettura privata;In marcia / fermata / arresto;Conducente;M;Illeso;0;;Non accertato;Inesploso
3359837;15;19/06/2017 13:45;Strada Urbana;VIA DELLE VIGNE;all'intersezione con;VIA LANFRANCO MAROI;VIA LANFRANCO MAROI;;;Scontro frontale fra veicoli in marcia;Incrocio;Una carreggiata a doppio senso;Asciutto;Asfaltata;Verticale ed orizzontale;Sereno;Normale;Buona;Ore Diurne;1;0;0;1;12.42097;41.84467;-1;1;Autovettura privata;In marcia / fermata / arresto;Conducente;M;Illeso;0;;Non accertato;Esploso
3359837;15;19/06/2017 13:45;Strada Urbana;VIA DELLE VIGNE;all'intersezione con;VIA LANFRANCO MAROI;VIA LANFRANCO MAROI;;;Scontro frontale fra veicoli in marcia;Incrocio;Una carreggiata a doppio senso;Asciutto;Asfaltata;Verticale ed orizzontale;Sereno;Normale;Buona;Ore Diurne;1;0;0;1;12.42097;41.84467;-1;2;Autovettura privata;In marcia / fermata / arresto;Conducente;F;Rimandato;0;NON DECEDUTO;Non accertato;Inesploso
3359866;16;15/06/2017 12:35;Strada Urbana;VIALE DELLE MURA GIANICOLENSI;in prossimità;;del civico n.;10;;Veicolo in marcia contro ostacolo fisso;Rettilineo;Una carreggiata a senso unico di marcia;Asciutto;Asfaltata;Orizzontale;Sereno;Normale;Buona;Ore Diurne;1;0;0;0;12.46475;41.88269;-1;1;Autovettura privata;In marcia / fermata / arresto;Conducente;F;Rimandato;0;NON DECEDUTO;Non accertato;Inesploso
3359879;16;16/06/2017 13:10;Strada Urbana;VIA SILVESTRI;all'intersezione con;VIA CAMILLO SERAFINI;VIA CAMILLO SERAFINI;;;Scontro frontale/laterale DX fra veicoli in marcia;Incrocio;Una carreggiata a doppio senso;Asciutto;Asfaltata;Verticale ed orizzontale;Sereno;Intenso;Buona;Ore Diurne;0;0;0;2;12.42871;41.87706;-1;1;Motociclo a solo;In marcia / fermata / arresto;Conducente;M;Illeso;0;;Non accertato;
3359879;16;16/06/2017 13:10;Strada Urbana;VIA SILVESTRI;all'intersezione con;VIA CAMILLO SERAFINI;VIA CAMILLO SERAFINI;;;Scontro frontale/laterale DX fra veicoli in marcia;Incrocio;Una carreggiata a doppio senso;Asciutto;Asfaltata;Verticale ed orizzontale;Sereno;Intenso;Buona;Ore Diurne;0;0;0;2;12.42871;41.87706;-1;2;Autovettura privata;In marcia / fermata / arresto;Conducente;M;Illeso;0;;Non accertato;Inesploso
3359900;16;16/06/2017 16:50;Strada Urbana;PIAZZA DI DONNA OLIMPIA;all'intersezione semaforizzata con;VIA DI DONNA OLIMPIA;VIA DI DONNA OLIMPIA;;;Scontro laterale fra veicoli in marcia;Intersezione semaforizzata;Una carreggiata a doppio senso;Asciutto;Asfaltata;Verticale ed orizzontale;Sereno;Normale;Buona;Ore Diurne;1;0;0;2;12.45266;41.87762;-1;1;Autovettura privata;In marcia / fermata / arresto;Conducente;F;Illeso;0;;Non accertato;
3359900;16;16/06/2017 16:50;Strada Urbana;PIAZZA DI DONNA OLIMPIA;all'intersezione semaforizzata con;VIA DI DONNA OLIMPIA;VIA DI DONNA OLIMPIA;;;Scontro laterale fra veicoli in marcia;Intersezione semaforizzata;Una carreggiata a doppio senso;Asciutto;Asfaltata;Verticale ed orizzontale;Sereno;Normale;Buona;Ore Diurne;1;0;0;2;12.45266;41.87762;-1;2;Motociclo con passeggero;In marcia / fermata / arresto;Conducente;M;Illeso;0;;Non accertato;
3359900;16;16/06/2017 16:50;Strada Urbana;PIAZZA DI DONNA OLIMPIA;all'intersezione semaforizzata con;VIA DI DONNA OLIMPIA;VIA DI DONNA OLIMPIA;;;Scontro laterale fra veicoli in marcia;Intersezione semaforizzata;Una carreggiata a doppio senso;Asciutto;Asfaltata;Verticale ed orizzontale;Sereno;Normale;Buona;Ore Diurne;1;0;0;2;12.45266;41.87762;-1;2;Motociclo con passeggero;In marcia / fermata / arresto;Passeggero;F;Rimandato;0;NON DECEDUTO;Non accertato;
3359917;10;14/06/2017 11:45;Strada Urbana;VIA ANAGNINA;all'intersezione con;VIA CALLICRATE;VIA CALLICRATE;;;Veicolo in marcia contro ostacolo fisso;Intersezione stradale segnalata;Due carreggiate;Asciutto;Strada pavimentata dissestata;Verticale ed orizzontale;Sereno;Normale;Buona;Ore Diurne;1;0;0;0;12.61153;41.81994;-1;1;Velocipede;In marcia / fermata / arresto;Conducente;M;Rimandato;0;NON DECEDUTO;Esente;
3359922;2;15/06/2017 20:00;Strada Urbana;VIA DEL GIUBA;all'intersezione con;VIA ASMARA;VIA ASMARA;;;Ribaltamento senza urto contro ostacolo fisso;Incrocio;Una carreggiata a senso unico di marcia;Asciutto;Asfaltata;Verticale ed orizzontale;Sereno;Normale;Buona;Sufficiente;1;0;0;0;12.52109;41.92681;-1;1;Motociclo a solo;In marcia / fermata / arresto;Conducente;M;Rifiuta cure immediate;0;NON DECEDUTO;;
3359942;6;19/06/2017 15:15;Strada Urbana;VIA PRENESTINA;in corrispondenza;;del civico n.;445;;Veicolo in marcia contro veicolo in sosta;Rettilineo;Più di due carreggiate;Asciutto;Asfaltata;Assente;Sereno;Normale;Buona;Ore Diurne;0;0;0;1;12.56463;41.89534;-1;1;Autovettura privata;In marcia / fermata / arresto;Conducente;M;Illeso;0;;Non accertato;Inesploso
3359950;16;16/06/2017 18:20;Strada Urbana;VIA DI DONNA OLIMPIA;in corrispondenza;;del civico n.;43-45;;Infortunio per sola frenata improvvisa;Rettilineo;Una carreggiata a doppio senso;Asciutto;Asfaltata;Verticale ed orizzontale;Sereno;Normale;Buona;Ore Diurne;1;0;0;0;12.45323;41.87723;-1;1;Motociclo a solo;In marcia / fermata / arresto;Conducente;F;Rimandato;0;NON DECEDUTO;Non accertato;
3359972;16;17/06/2017 01:15;Strada Urbana;VIALE ERMINIO SPALLA;in corrispondenza;;del civico n.;54;;Veicolo in marcia contro veicoli in sosta;Rettilineo;Più di due carreggiate;Asciutto;Asfaltata;Verticale ed orizzontale;Sereno;Scarso;Sufficiente;Sufficiente;1;0;0;0;12.51225;41.83246;-1;1;Autovettura privata;In marcia / fermata / arresto;Conducente;M;Rimandato;0;NON DECEDUTO;Non accertato;
3360004;16;16/06/2017 18:15;Strada Urbana;VIALE DELLE MURA GIANICOLENSI;in corrispondenza;;del civico n.;107;;Scontro laterale fra veicoli in marcia;Rettilineo;Una carreggiata a senso unico di marcia;Asciutto;Asfaltata;Verticale ed orizzontale;Sereno;Normale;Buona;Ore Diurne;1;0;0;3;12.46088;41.88759;-1;1;Autovettura pubblica;In marcia / fermata / arresto;Conducente;M;Illeso;0;;Non accertato;Inesploso
3360004;16;16/06/2017 18:15;Strada Urbana;VIALE DELLE MURA GIANICOLENSI;in corrispondenza;;del civico n.;107;;Scontro laterale fra veicoli in marcia;Rettilineo;Una carreggiata a senso unico di marcia;Asciutto;Asfaltata;Verticale ed orizzontale;Sereno;Normale;Buona;Ore Diurne;1;0;0;3;12.46088;41.88759;-1;1;Autovettura pubblica;In marcia / fermata / arresto;Passeggero;F;Illeso;0;;Non accertato;Inesploso
3360004;16;16/06/2017 18:15;Strada Urbana;VIALE DELLE MURA GIANICOLENSI;in corrispondenza;;del civico n.;107;;Scontro laterale fra veicoli in marcia;Rettilineo;Una carreggiata a senso unico di marcia;Asciutto;Asfaltata;Verticale ed orizzontale;Sereno;Normale;Buona;Ore Diurne;1;0;0;3;12.46088;41.88759;-1;1;Autovettura pubblica;In marcia / fermata / arresto;Passeggero;M;Illeso;0;;;
3360004;16;16/06/2017 18:15;Strada Urbana;VIALE DELLE MURA GIANICOLENSI;in corrispondenza;;del civico n.;107;;Scontro laterale fra veicoli in marcia;Rettilineo;Una carreggiata a senso unico di marcia;Asciutto;Asfaltata;Verticale ed orizzontale;Sereno;Normale;Buona;Ore Diurne;1;0;0;3;12.46088;41.88759;-1;2;Motociclo a solo;In marcia / fermata / arresto;Conducente;M;Rimandato;0;NON DECEDUTO;Non accertato;
3360077;17;18/06/2017 17:00;Strada Urbana;VIA ANDREA DORIA;all'intersezione con;VIA GIORDANO BRUNO;VIA GIORDANO BRUNO;;;Scontro frontale/laterale SX fra veicoli in marcia;Incrocio;Una carreggiata a doppio senso;Asciutto;Asfaltata;Verticale ed orizzontale;Sereno;Normale;Buona;Ore Diurne;2;0;0;1;12.4531;41.90999;-1;1;Autovettura privata;In marcia / fermata / arresto;Conducente;M;Illeso;0;;;Inesploso
3360077;17;18/06/2017 17:00;Strada Urbana;VIA ANDREA DORIA;all'intersezione con;VIA GIORDANO BRUNO;VIA GIORDANO BRUNO;;;Scontro frontale/laterale SX fra veicoli in marcia;Incrocio;Una carreggiata a doppio senso;Asciutto;Asfaltata;Verticale ed orizzontale;Sereno;Normale;Buona;Ore Diurne;2;0;0;1;12.4531;41.90999;-1;2;Motociclo con passeggero;In marcia / fermata / arresto;Conducente;M;Rimandato;0;NON DECEDUTO;;
3360077;17;18/06/2017 17:00;Strada Urbana;VIA ANDREA DORIA;all'intersezione con;VIA GIORDANO BRUNO;VIA GIORDANO BRUNO;;;Scontro frontale/laterale SX fra veicoli in marcia;Incrocio;Una carreggiata a doppio senso;Asciutto;Asfaltata;Verticale ed orizzontale;Sereno;Normale;Buona;Ore Diurne;2;0;0;1;12.4531;41.90999;-1;2;Motociclo con passeggero;In marcia / fermata / arresto;Passeggero;F;Rimandato;0;NON DECEDUTO;;
3360089;11;19/06/2017 14:30;Strada Urbana;VIA APPIA NUOVA;in prossimità;;del civico n.;1240/B;;Scontro laterale fra veicoli in marcia;Rettilineo;Più di due carreggiate;Asciutto;Asfaltata;Assente;Sereno;Normale;Buona;Ore Diurne;0;0;0;2;12.56352;41.82324;-1;1;Autocarro inferiore 35 q.;In marcia / fermata / arresto;Conducente;M;Illeso;0;;Non accertato;Inesploso
3360089;11;19/06/2017 14:30;Strada Urbana;VIA APPIA NUOVA;in prossimità;;del civico n.;1240/B;;Scontro laterale fra veicoli in marcia;Rettilineo;Più di due carreggiate;Asciutto;Asfaltata;Assente;Sereno;Normale;Buona;Ore Diurne;0;0;0;2;12.56352;41.82324;-1;2;Autovettura privata;In marcia / fermata / arresto;Conducente;M;Illeso;0;;Non accertato;Inesploso
3360122;15;19/06/2017 16:40;Strada Urbana;VIA USINI;da specificare;;;;PROX INTERSEZIONE VIA PORTUENSE;Tamponamento;Rettilineo;Una carreggiata a doppio senso;Asciutto;Asfaltata;Orizzontale;Sereno;Normale;Buona;Ore Diurne;0;0;0;3;12.34879;41.8201;-1;1;Autovettura privata;In marcia / fermata / arresto;Conducente;M;Illeso;0;;Non accertato;Inesploso
3360122;15;19/06/2017 16:40;Strada Urbana;VIA USINI;da specificare;;;;PROX INTERSEZIONE VIA PORTUENSE;Tamponamento;Rettilineo;Una carreggiata a doppio senso;Asciutto;Asfaltata;Orizzontale;Sereno;Normale;Buona;Ore Diurne;0;0;0;3;12.34879;41.8201;-1;1;Autovettura privata;In marcia / fermata / arresto;Passeggero;F;Illeso;0;;Non accertato;Inesploso
3360122;15;19/06/2017 16:40;Strada Urbana;VIA USINI;da specificare;;;;PROX INTERSEZIONE VIA PORTUENSE;Tamponamento;Rettilineo;Una carreggiata a doppio senso;Asciutto;Asfaltata;Orizzontale;Sereno;Normale;Buona;Ore Diurne;0;0;0;3;12.34879;41.8201;-1;2;Autocarro inferiore 35 q.;In marcia / fermata / arresto;Conducente;M;Illeso;0;;Non accertato;Inesploso
3360126;10;19/06/2017 16:30;Statale entro l'abitato;VIA APPIA NUOVA;all'intersezione semaforizzata con;VIA DI CASAL ROTONDO;VIA DI CASAL ROTONDO;;;Tamponamento Multiplo;Intersezione semaforizzata;Una carreggiata a doppio senso;Asciutto;Asfaltata;Verticale ed orizzontale;Sereno;Normale;Buona;Ore Diurne;0;0;0;3;12.56205;41.8243;-1;1;Autocarro inferiore 35 q.;In marcia / fermata / arresto;Conducente;M;Illeso;0;;Non accertato;Inesploso
3360126;10;19/06/2017 16:30;Statale entro l'abitato;VIA APPIA NUOVA;all'intersezione semaforizzata con;VIA DI CASAL ROTONDO;VIA DI CASAL ROTONDO;;;Tamponamento Multiplo;Intersezione semaforizzata;Una carreggiata a doppio senso;Asciutto;Asfaltata;Verticale ed orizzontale;Sereno;Normale;Buona;Ore Diurne;0;0;0;3;12.56205;41.8243;-1;2;Autovettura privata;In marcia / fermata / arresto;Conducente;M;Illeso;0;;Non accertato;Inesploso
3360126;10;19/06/2017 16:30;Statale entro l'abitato;VIA APPIA NUOVA;all'intersezione semaforizzata con;VIA DI CASAL ROTONDO;VIA DI CASAL ROTONDO;;;Tamponamento Multiplo;Intersezione semaforizzata;Una carreggiata a doppio senso;Asciutto;Asfaltata;Verticale ed orizzontale;Sereno;Normale;Buona;Ore Diurne;0;0;0;3;12.56205;41.8243;-1;3;Autovettura privata;In marcia / fermata / arresto;Conducente;M;Illeso;0;;Non accertato;Inesploso
3360162;20;19/06/2017 17:15;Provinciale entro l'abitato;VIA TIBERINA;in corrispondenza;;del civico n.;210;;Scontro frontale/laterale SX fra veicoli in marcia;Rettilineo;Una carreggiata a doppio senso;Asciutto;Asfaltata;Verticale ed orizzontale;Sereno;Scarso;Buona;Ore Diurne;1;0;0;1;12.50514;42.01603;-1;1;Autovettura privata;In marcia / fermata / arresto;Conducente;M;Illeso;0;;Non accertato;Inesploso
3360162;20;19/06/2017 17:15;Provinciale entro l'abitato;VIA TIBERINA;in corrispondenza;;del civico n.;210;;Scontro frontale/laterale SX fra veicoli in marcia;Rettilineo;Una carreggiata a doppio senso;Asciutto;Asfaltata;Verticale ed orizzontale;Sereno;Scarso;Buona;Ore Diurne;1;0;0;1;12.50514;42.01603;-1;2;Motociclo a solo;In marcia / fermata / arresto;Conducente;M;Rimandato;0;NON DECEDUTO;Non accertato;
3360163;9;19/06/2017 17:05;Strada Urbana;VIA LA SPEZIA;da specificare;;;;fronte civico 35;Investimento di pedone;Rettilineo;Una carreggiata a doppio senso;Asciutto;Asfaltata;Verticale ed orizzontale;Sereno;Normale;Buona;Ore Diurne;1;0;0;0;12.51552;41.88636;-1;;;;Pedone;F;Ricoverato;0;NON DECEDUTO;;
3360164;16;17/06/2017 11:30;Strada Urbana;VIA PORTUENSE;in corrispondenza;;del civico n.;123;;Scontro frontale/laterale SX fra veicoli in marcia;Rettilineo;Due carreggiate;Asciutto;Asfaltata;Verticale ed orizzontale;Sereno;Normale;Buona;Ore Diurne;1;0;0;2;12.46595;41.87154;-1;1;Autovettura pubblica;In marcia / fermata / arresto;Conducente;M;Illeso;0;;Utilizzato;Esploso
3360164;16;17/06/2017 11:30;Strada Urbana;VIA PORTUENSE;in corrispondenza;;del civico n.;123;;Scontro frontale/laterale SX fra veicoli in marcia;Rettilineo;Due carreggiate;Asciutto;Asfaltata;Verticale ed orizzontale;Sereno;Normale;Buona;Ore Diurne;1;0;0;2;12.46595;41.87154;-1;2;Motociclo a solo;In marcia / fermata / arresto;Conducente;F;Rimandato;0;NON DECEDUTO;Non accertato;
3360164;16;17/06/2017 11:30;Strada Urbana;VIA PORTUENSE;in corrispondenza;;del civico n.;123;;Scontro frontale/laterale SX fra veicoli in marcia;Rettilineo;Due carreggiate;Asciutto;Asfaltata;Verticale ed orizzontale;Sereno;Normale;Buona;Ore Diurne;1;0;0;2;12.46595;41.87154;-1;3;Autovettura privata;In marcia / fermata / arresto;Conducente;M;Illeso;0;;Non accertato;Inesploso
3360167;16;17/06/2017 12:30;Strada Urbana;VICOLO DEGLI ORTI PORTUENSI;in prossimità;;del civico n.;21;;Veicolo in marcia contro veicolo in sosta;Rettilineo;Una carreggiata a senso unico di marcia;Asciutto;Asfaltata;Orizzontale;Sereno;Normale;Buona;Ore Diurne;0;0;0;2;12.44658;41.85752;-1;1;Autovettura privata;In marcia / fermata / arresto;Conducente;F;Illeso;0;;Non accertato;Inesploso
3360167;16;17/06/2017 12:30;Strada Urbana;VICOLO DEGLI ORTI PORTUENSI;in prossimità;;del civico n.;21;;Veicolo in marcia contro veicolo in sosta;Rettilineo;Una carreggiata a senso unico di marcia;Asciutto;Asfaltata;Orizzontale;Sereno;Normale;Buona;Ore Diurne;0;0;0;2;12.44658;41.85752;-1;1;Autovettura privata;In marcia / fermata / arresto;Passeggero;M;Illeso;0;;Non accertato;Inesploso
3360217;16;18/06/2017 14:40;Strada Urbana;VIA DI DONNA OLIMPIA;all'intersezione con;VIA ABATE UGONE;VIA ABATE UGONE;;;Infortunio per caduta del veicolo;Incrocio;Una carreggiata a doppio senso;Asciutto;Asfaltata;Verticale ed orizzontale;Sereno;Scarso;Buona;Ore Diurne;0;0;0;1;12.45282;41.8777;-1;1;Motociclo a solo;In marcia / fermata / arresto;Conducente;M;Illeso;0;;Non accertato;
3360225;16;18/06/2017 19:10;Strada Urbana;VIALE ISACCO NEWTON;in prossimità;;del civico n.;71;;Veicolo in marcia contro ostacolo accidentale;Rettilineo;Due carreggiate;Asciutto;Asfaltata;Verticale ed orizzontale;Sereno;Normale;Buona;Ore Diurne;0;0;0;4;12.44083;41.8568;-1;1;Autovettura privata;In marcia / fermata / arresto;Conducente;M;Illeso;0;;Non accertato;Inesploso
3360225;16;18/06/2017 19:10;Strada Urbana;VIALE ISACCO NEWTON;in prossimità;;del civico n.;71;;Veicolo in marcia contro ostacolo accidentale;Rettilineo;Due carreggiate;Asciutto;Asfaltata;Verticale ed orizzontale;Sereno;Normale;Buona;Ore Diurne;0;0;0;4;12.44083;41.8568;-1;1;Autovettura privata;In marcia / fermata / arresto;Passeggero;F;Illeso;0;;Non accertato;Inesploso
3360225;16;18/06/2017 19:10;Strada Urbana;VIALE ISACCO NEWTON;in prossimità;;del civico n.;71;;Veicolo in marcia contro ostacolo accidentale;Rettilineo;Due carreggiate;Asciutto;Asfaltata;Verticale ed orizzontale;Sereno;Normale;Buona;Ore Diurne;0;0;0;4;12.44083;41.8568;-1;1;Autovettura privata;In marcia / fermata / arresto;Passeggero;M;Illeso;0;;Non accertato;Inesploso
3360225;16;18/06/2017 19:10;Strada Urbana;VIALE ISACCO NEWTON;in prossimità;;del civico n.;71;;Veicolo in marcia contro ostacolo accidentale;Rettilineo;Due carreggiate;Asciutto;Asfaltata;Verticale ed orizzontale;Sereno;Normale;Buona;Ore Diurne;0;0;0;4;12.44083;41.8568;-1;1;Autovettura privata;In marcia / fermata / arresto;Passeggero;M;Illeso;0;;Non accertato;Inesploso