Protocollo;Gruppo;DataOraIncidente;Localizzazione1;STRADA1;Localizzazione2;STRADA2;Strada02;Chilometrica;DaSpecificare;NaturaIncidente;particolaritastrade;TipoStrada;FondoStradale;Pavimentazione;Segnaletica;CondizioneAtmosferica;Traffico;Visibilita;Illuminazione;NUM_FERITI;NUM_RISERVATA;NUM_MORTI;NUM_ILLESI;Longitudine;Latitudine;Confermato;Progressivo;TipoVeicolo;StatoVeicolo;TipoPersona;Sesso;Tipolesione;Deceduto;DecedutoDopo;CinturaCascoUtilizzato;Airbag
3364422;3;21/06/2017 08:50;Strada Urbana;VIALE DI VILLA MASSIMO;in corrispondenza;;del civico n.;f. 36;;Scontro laterale fra veicoli in marcia;Rettilineo;Una carreggiata a senso unico di marcia;Asciutto;Asfaltata;Verticale ed orizzontale;Sereno;Normale;Buona;Ore Diurne;1;0;0;1;12.51643;41.91453;-1;1;Autovettura privata;In marcia / fermata / arresto;Conducente;F;Illeso;0;;Non accertato;Inesploso
3364422;3;21/06/2017 08:50;Strada Urbana;VIALE DI VILLA MASSIMO;in corrispondenza;;del civico n.;f. 36;;Scontro laterale fra veicoli in marcia;Rettilineo;Una carreggiata a senso unico di marcia;Asciutto;Asfaltata;Verticale ed orizzontale;Sereno;Normale;Buona;Ore Diurne;1;0;0;1;12.51643;41.91453;-1;2;Motociclo a solo;In marcia / fermata / arresto;Conducente;F;Rifiuta cure immediate;0;NON DECEDUTO;Non accertato;
3364431;13;21/06/2017 07:45;Strada Urbana;VIA FEDERICO PAOLINI;in prossimità;;del civico n.;7;;Veicolo in marcia contro veicolo in sosta;Rettilineo;Una carreggiata a doppio senso;Asciutto;Asfaltata;Assente;Sereno;Normale;Buona;Ore Diurne;0;0;0;1;12.28744;41.73198;-1;1;Autovettura privata;In marcia / fermata / arresto;Conducente;F;Illeso;0;;Non accertato;Inesploso
3364440;5;21/06/2017 16:45;Strada Urbana;VIA FILIPPO MEDA;all'intersezione con;VIA ACHILLE BENEDETTI;VIA ACHILLE BENEDETTI;;;Scontro frontale/laterale SX fra veicoli in marcia;Incrocio;Una carreggiata a doppio senso;Asciutto;Asfaltata;Verticale ed orizzontale;Sereno;Normale;Buona;Ore Diurne;0;0;0;4;12.54353;41.91323;-1;1;Autovettura privata;In marcia / fermata / arresto;Conducente;M;Illeso;0;;Non accertato;Inesploso
3364440;5;21/06/2017 16:45;Strada Urbana;VIA FILIPPO MEDA;all'intersezione con;VIA ACHILLE BENEDETTI;VIA ACHILLE BENEDETTI;;;Scontro frontale/laterale SX fra veicoli in marcia;Incrocio;Una carreggiata a doppio senso;Asciutto;Asfaltata;Verticale ed orizzontale;Sereno;Normale;Buona;Ore Diurne;0;0;0;4;12.54353;41.91323;-1;1;Autovettura privata;In marcia / fermata / arresto;Passeggero;F;Illeso;0;;Non accertato;Inesploso
3364440;5;21/06/2017 16:45;Strada Urbana;VIA FILIPPO MEDA;all'intersezione con;VIA ACHILLE BENEDETTI;VIA ACHILLE BENEDETTI;;;Scontro frontale/laterale SX fra veicoli in marcia;Incrocio;Una carreggiata a doppio senso;Asciutto;Asfaltata;Verticale ed orizzontale;Sereno;Normale;Buona;Ore Diurne;0;0;0;4;12.54353;41.91323;-1;2;Autovettura privata;In marcia / fermata / arresto;Conducente;F;Illeso;0;;Non accertato;Inesploso
3364440;5;21/06/2017 16:45;Strada Urbana;VIA FILIPPO MEDA;all'intersezione con;VIA ACHILLE BENEDETTI;VIA ACHILLE BENEDETTI;;;Scontro frontale/laterale SX fra veicoli in marcia;Incrocio;Una carreggiata a doppio senso;Asciutto;Asfaltata;Verticale ed orizzontale;Sereno;Normale;Buona;Ore Diurne;0;0;0;4;12.54353;41.91323;-1;2;Autovettura privata;In marcia / fermata / arresto;Passeggero;F;Illeso;0;;Non accertato;Inesploso
3364446;19;21/06/2017 12:40;Strada Urbana;VIA DELLA PINETA SACCHETTI;in prossimità;;del civico n.;205;;Infortunio per sola frenata improvvisa;Rettilineo;Una carreggiata a senso unico di marcia;Viscido da liquidi oleosi;Asfaltata;Orizzontale;Sereno;Normale;Buona;Ore Diurne;1;0;0;0;12.42629;41.92875;-1;1;Motociclo a solo;In marcia / fermata / arresto;Conducente;M;Rifiuta cure immediate;0;NON DECEDUTO;;
3364451;20;21/06/2017 19:00;Regionale entro l'abitato;VIA CASSIA;da specificare;;;;in corrispondenza rampa GRA dir. Fiumicino;Tamponamento Multiplo;Rettilineo;Una carreggiata a doppio senso;Asciutto;Asfaltata;Verticale ed orizzontale;Sereno;Normale;Buona;Ore Diurne;1;0;0;3;12.41323;41.98292;-1;1;Autocarro inferiore 35 q.;In marcia / fermata / arresto;Conducente;M;Illeso;0;;;
3364451;20;21/06/2017 19:00;Regionale entro l'abitato;VIA CASSIA;da specificare;;;;in corrispondenza rampa GRA dir. Fiumicino;Tamponamento Multiplo;Rettilineo;Una carreggiata a doppio senso;Asciutto;Asfaltata;Verticale ed orizzontale;Sereno;Normale;Buona;Ore Diurne;1;0;0;3;12.41323;41.98292;-1;1;Autocarro inferiore 35 q.;In marcia / fermata / arresto;Passeggero;M;Illeso;0;;;
3364451;20;21/06/2017 19:00;Regionale entro l'abitato;VIA CASSIA;da specificare;;;;in corrispondenza rampa GRA dir. Fiumicino;Tamponamento Multiplo;Rettilineo;Una carreggiata a doppio senso;Asciutto;Asfaltata;Verticale ed orizzontale;Sereno;Normale;Buona;Ore Diurne;1;0;0;3;12.41323;41.98292;-1;2;Motociclo a solo;In marcia / fermata / arresto;Conducente;M;Rimandato;0;NON DECEDUTO;Utilizzato;
3364451;20;21/06/2017 19:00;Regionale entro l'abitato;VIA CASSIA;da specificare;;;;in corrispondenza rampa GRA dir. Fiumicino;Tamponamento Multiplo;Rettilineo;Una carreggiata a doppio senso;Asciutto;Asfaltata;Verticale ed orizzontale;Sereno;Normale;Buona;Ore Diurne;1;0;0;3;12.41323;41.98292;-1;3;Autovettura privata;In marcia / fermata / arresto;Conducente;F;Illeso;0;;;
3364455;19;21/06/2017 13:30;Strada Urbana;VIA DELLA VALLE DEI FONTANILI;in corrispondenza;;del civico n.;211;;Scontro frontale/laterale SX fra veicoli in marcia;Rettilineo;Una carreggiata a doppio senso;Asciutto;Asfaltata;Verticale ed orizzontale;Sereno;Normale;Buona;Ore Diurne;0;0;0;3;12.40869;41.92281;-1;1;Autovettura privata;In marcia / fermata / arresto;Conducente;F;Illeso;0;;Non accertato;
3364455;19;21/06/2017 13:30;Strada Urbana;VIA DELLA VALLE DEI FONTANILI;in corrispondenza;;del civico n.;211;;Scontro frontale/laterale SX fra veicoli in marcia;Rettilineo;Una carreggiata a doppio senso;Asciutto;Asfaltata;Verticale ed orizzontale;Sereno;Normale;Buona;Ore Diurne;0;0;0;3;12.40869;41.92281;-1;2;Autovettura privata;In marcia / fermata / arresto;Conducente;M;Illeso;0;;;
3364455;19;21/06/2017 13:30;Strada Urbana;VIA DELLA VALLE DEI FONTANILI;in corrispondenza;;del civico n.;211;;Scontro frontale/laterale SX fra veicoli in marcia;Rettilineo;Una carreggiata a doppio senso;Asciutto;Asfaltata;Verticale ed orizzontale;Sereno;Normale;Buona;Ore Diurne;0;0;0;3;12.40869;41.92281;-1;2;Autovettura privata;In marcia / fermata / arresto;Passeggero;F;Illeso;0;;Non accertato;
3364459;5;21/06/2017 19:20;Strada Urbana;VIA LEOFRENI;in corrispondenza;;del civico n.;45;;Scontro laterale fra veicoli in marcia;Rettilineo;Una carreggiata a doppio senso;Asciutto;Con buche;Verticale ed orizzontale;Sereno;Scarso;Buona;Ore Diurne;1;0;0;1;12.62448;41.93182;-1;1;Autovettura privata;In marcia / fermata / arresto;Conducente;M;Illeso;0;;Non accertato;Inesploso
3364459;5;21/06/2017 19:20;Strada Urbana;VIA LEOFRENI;in corrispondenza;;del civico n.;45;;Scontro laterale fra veicoli in marcia;Rettilineo;Una carreggiata a doppio senso;Asciutto;Con buche;Verticale ed orizzontale;Sereno;Scarso;Buona;Ore Diurne;1;0;0;1;12.62448;41.93182;-1;2;Autovettura privata;In marcia / fermata / arresto;Conducente;M;Rimandato;0;NON DECEDUTO;Non accertato;Inesploso
3364460;11;21/06/2017 20:45;Strada Urbana;VIA GAETANO TREZZA;all'intersezione con;VIA NICOLA SPEDALIERI;VIA NICOLA SPEDALIERI;;;Scontro frontale/laterale DX fra veicoli in marcia;Incrocio;Una carreggiata a doppio senso;Asciutto;Asfaltata;Verticale ed orizzontale;Sereno;Scarso;Buona;Sufficiente;0;0;0;3;12.48368;41.84311;-1;1;Autovettura privata;In marcia / fermata / arresto;Conducente;M;Illeso;0;;Non accertato;
3364460;11;21/06/2017 20:45;Strada Urbana;VIA GAETANO TREZZA;all'intersezione con;VIA NICOLA SPEDALIERI;VIA NICOLA SPEDALIERI;;;Scontro frontale/laterale DX fra veicoli in marcia;Incrocio;Una carreggiata a doppio senso;Asciutto;Asfaltata;Verticale ed orizzontale;Sereno;Scarso;Buona;Sufficiente;0;0;0;3;12.48368;41.84311;-1;2;Autovettura privata;In marcia / fermata / arresto;Conducente;M;Illeso;0;;Non accertato;
3364460;11;21/06/2017 20:45;Strada Urbana;VIA GAETANO TREZZA;all'intersezione con;VIA NICOLA SPEDALIERI;VIA NICOLA SPEDALIERI;;;Scontro frontale/laterale DX fra veicoli in marcia;Incrocio;Una carreggiata a doppio senso;Asciutto;Asfaltata;Verticale ed orizzontale;Sereno;Scarso;Buona;Sufficiente;0;0;0;3;12.48368;41.84311;-1;2;Autovettura privata;In marcia / fermata / arresto;Passeggero;M;Illeso;0;;Non accertato;
3364468;4;21/06/2017 17:20;Strada Urbana;VIA DI SETTEBAGNI;all'intersezione semaforizzata con;VIA DELLA BUFALOTTA;VIA DELLA BUFALOTTA;;;Scontro frontale/laterale SX fra veicoli in marcia;Incrocio;Una carreggiata a senso unico di marcia;Asciutto;Asfaltata;Verticale ed orizzontale;Sereno;Normale;Buona;Ore Diurne;1;0;0;2;12.51966;41.98683;-1;1;Autovettura privata;In marcia / fermata / arresto;Conducente;M;Illeso;0;;Non accertato;
3364468;4;21/06/2017 17:20;Strada Urbana;VIA DI SETTEBAGNI;all'intersezione semaforizzata con;VIA DELLA BUFALOTTA;VIA DELLA BUFALOTTA;;;Scontro frontale/laterale SX fra veicoli in marcia;Incrocio;Una carreggiata a senso unico di marcia;Asciutto;Asfaltata;Verticale ed orizzontale;Sereno;Normale;Buona;Ore Diurne;1;0;0;2;12.51966;41.98683;-1;1;Autovettura privata;In marcia / fermata / arresto;Passeggero;F;Illeso;0;;Non accertato;
3364468;4;21/06/2017 17:20;Strada Urbana;VIA DI SETTEBAGNI;all'intersezione semaforizzata con;VIA DELLA BUFALOTTA;VIA DELLA BUFALOTTA;;;Scontro frontale/laterale SX fra veicoli in marcia;Incrocio;Una carreggiata a senso unico di marcia;Asciutto;Asfaltata;Verticale ed orizzontale;Sereno;Normale;Buona;Ore Diurne;1;0;0;2;12.51966;41.98683;-1;2;Velocipede;In marcia / fermata / arresto;Conducente;M;Rimandato;0;NON DECEDUTO;Esente;
3364470;4;21/06/2017 07:40;Provinciale;VIA NOMENTANA;in prossimità;;del civico n.;55/57;;Scontro frontale/laterale SX fra veicoli in marcia;Rettilineo;Una carreggiata a doppio senso;Asciutto;Asfaltata;Verticale;Sereno;Intenso;Buona;Ore Diurne;1;0;0;1;12.50295;41.91076;-1;1;Autovettura privata;In marcia / fermata / arresto;Conducente;M;Illeso;0;;Non accertato;
3364470;4;21/06/2017 07:40;Provinciale;VIA NOMENTANA;in prossimità;;del civico n.;55/57;;Scontro frontale/laterale SX fra veicoli in marcia;Rettilineo;Una carreggiata a doppio senso;Asciutto;Asfaltata;Verticale;Sereno;Intenso;Buona;Ore Diurne;1;0;0;1;12.50295;41.91076;-1;2;Motociclo a solo;In marcia / fermata / arresto;Conducente;M;Ricoverato;0;NON DECEDUTO;Utilizzato;
3364472;18;22/06/2017 08:30;Strada Urbana;VIA AURELIA;all'intersezione semaforizzata con;VIA NICOLA LOMBARDI;VIA NICOLA LOMBARDI;;;Scontro laterale fra veicoli in marcia;Intersezione semaforizzata;Una carreggiata a senso unico di marcia;Asciutto;Asfaltata;Verticale ed orizzontale;Sereno;Normale;Buona;Ore Diurne;0;0;0;2;12.41776;41.89521;-1;1;Autocarro inferiore 35 q.;In marcia / fermata / arresto;Conducente;M;Illeso;0;;Non accertato;Inesploso
3364472;18;22/06/2017 08:30;Strada Urbana;VIA AURELIA;all'intersezione semaforizzata con;VIA NICOLA LOMBARDI;VIA NICOLA LOMBARDI;;;Scontro laterale fra veicoli in marcia;Intersezione semaforizzata;Una carreggiata a senso unico di marcia;Asciutto;Asfaltata;Verticale ed orizzontale;Sereno;Normale;Buona;Ore Diurne;0;0;0;2;12.41776;41.89521;-1;2;Motociclo a solo;In marcia / fermata / arresto;Conducente;M;Illeso;0;;Non accertato;
3364473;7;21/06/2017 16:20;Strada Urbana;VIA GIOVANNI PASSERINI;in prossimità;;del civico n.;23;;Veicolo in marcia contro ostacolo fisso;Rettilineo;Una carreggiata a senso unico di marcia;Asciutto;Asfaltata;Assente;Sereno;Scarso;Buona;Ore Diurne;0;0;0;1;12.56089;41.89219;-1;1;Autovettura privata;In marcia / fermata / arresto;Conducente;M;Illeso;0;;;
3364480;19;21/06/2017 15:30;Strada Urbana;VIA MATTIA BATTISTINI;in corrispondenza;;del civico n.;235;;Scontro laterale fra veicoli in marcia;Rettilineo;Una carreggiata a doppio senso;Asciutto;Asfaltata;Orizzontale;Sereno;Normale;Buona;Ore Diurne;1;0;0;1;12.41824;41.91598;-1;1;Autovettura privata;In marcia / fermata / arresto;Conducente;M;Illeso;0;;Non accertato;Inesploso
3364480;19;21/06/2017 15:30;Strada Urbana;VIA MATTIA BATTISTINI;in corrispondenza;;del civico n.;235;;Scontro laterale fra veicoli in marcia;Rettilineo;Una carreggiata a doppio senso;Asciutto;Asfaltata;Orizzontale;Sereno;Normale;Buona;Ore Diurne;1;0;0;1;12.41824;41.91598;-1;2;Motociclo a solo;In marcia / fermata / arresto;Conducente;M;Rifiuta cure immediate;0;NON DECEDUTO;;
3364481;11;22/06/2017 03:45;Strada Urbana;VIADOTTO DELLA MAGLIANA;da specificare;;;;100 MT DOPO V. CAPPELLACCIO DIREZIONE FIUMICINO;Tamponamento;Curva senza visuale libera;Due carreggiate;Asciutto;Asfaltata;Assente;Sereno;Scarso;Sufficiente;Sufficiente;0;0;0;9;12.46174;41.83949;-1;1;Autovettura privata;In marcia / fermata / arresto;Conducente;M;Illeso;0;;Non accertato;
3364481;11;22/06/2017 03:45;Strada Urbana;VIADOTTO DELLA MAGLIANA;da specificare;;;;100 MT DOPO V. CAPPELLACCIO DIREZIONE FIUMICINO;Tamponamento;Curva senza visuale libera;Due carreggiate;Asciutto;Asfaltata;Assente;Sereno;Scarso;Sufficiente;Sufficiente;0;0;0;9;12.46174;41.83949;-1;1;Autovettura privata;In marcia / fermata / arresto;Passeggero;M;Illeso;0;;;
3364481;11;22/06/2017 03:45;Strada Urbana;VIADOTTO DELLA MAGLIANA;da specificare;;;;100 MT DOPO V. CAPPELLACCIO DIREZIONE FIUMICINO;Tamponamento;Curva senza visuale libera;Due carreggiate;Asciutto;Asfaltata;Assente;Sereno;Scarso;Sufficiente;Sufficiente;0;0;0;9;12.46174;41.83949;-1;1;Autovettura privata;In marcia / fermata / arresto;Passeggero;M;Illeso;0;;;
3364481;11;22/06/2017 03:45;Strada Urbana;VIADOTTO DELLA MAGLIANA;da specificare;;;;100 MT DOPO V. CAPPELLACCIO DIREZIONE FIUMICINO;Tamponamento;Curva senza visuale libera;Due carreggiate;Asciutto;Asfaltata;Assente;Sereno;Scarso;Sufficiente;Sufficiente;0;0;0;9;12.46174;41.83949;-1;1;Autovettura privata;In marcia / fermata / arresto;Passeggero;M;Illeso;0;;;Inesploso
3364481;11;22/06/2017 03:45;Strada Urbana;VIADOTTO DELLA MAGLIANA;da specificare;;;;100 MT DOPO V. CAPPELLACCIO DIREZIONE FIUMICINO;Tamponamento;Curva senza visuale libera;Due carreggiate;Asciutto;Asfaltata;Assente;Sereno;Scarso;Sufficiente;Sufficiente;0;0;0;9;12.46174;41.83949;-1;2;Autovettura privata;In marcia / fermata / arresto;Conducente;F;Illeso;0;;;
3364481;11;22/06/2017 03:45;Strada Urbana;VIADOTTO DELLA MAGLIANA;da specificare;;;;100 MT DOPO V. CAPPELLACCIO DIREZIONE FIUMICINO;Tamponamento;Curva senza visuale libera;Due carreggiate;Asciutto;Asfaltata;Assente;Sereno;Scarso;Sufficiente;Sufficiente;0;0;0;9;12.46174;41.83949;-1;2;Autovettura privata;In marcia / fermata / arresto;Passeggero;M;Illeso;0;;;Inesploso
3364481;11;22/06/2017 03:45;Strada Urbana;VIADOTTO DELLA MAGLIANA;da specificare;;;;100 MT DOPO V. CAPPELLACCIO DIREZIONE FIUMICINO;Tamponamento;Curva senza visuale libera;Due carreggiate;Asciutto;Asfaltata;Assente;Sereno;Scarso;Sufficiente;Sufficiente;0;0;0;9;12.46174;41.83949;-1;2;Autovettura privata;In marcia / fermata / arresto;Passeggero;M;Illeso;0;;;Inesploso
3364481;11;22/06/2017 03:45;Strada Urbana;VIADOTTO DELLA MAGLIANA;da specificare;;;;100 MT DOPO V. CAPPELLACCIO DIREZIONE FIUMICINO;Tamponamento;Curva senza visuale libera;Due carreggiate;Asciutto;Asfaltata;Assente;Sereno;Scarso;Sufficiente;Sufficiente;0;0;0;9;12.46174;41.83949;-1;2;Autovettura privata;In marcia / fermata / arresto;Passeggero;M;Illeso;0;;Non accertato;
3364481;11;22/06/2017 03:45;Strada Urbana;VIADOTTO DELLA MAGLIANA;da specificare;;;;100 MT DOPO V. CAPPELLACCIO DIREZIONE FIUMICINO;Tamponamento;Curva senza visuale libera;Due carreggiate;Asciutto;Asfaltata;Assente;Sereno;Scarso;Sufficiente;Sufficiente;0;0;0;9;12.46174;41.83949;-1;2;Autovettura privata;In marcia / fermata / arresto;Passeggero;F;Illeso;0;;Non accertato;
3364491;19;21/06/2017 16:20;Strada Urbana;VIA GIOVANNI X;da specificare;;;;prossimità Via Basadonna;Scontro laterale fra veicoli in marcia;Rettilineo;Una carreggiata a senso unico di marcia;Asciutto;Asfaltata;Assente;Sereno;Normale;Buona;Ore Diurne;1;0;0;1;12.41249;41.91464;-1;1;Autovettura privata;In marcia / fermata / arresto;Conducente;F;Illeso;0;;Non accertato;Inesploso
3364491;19;21/06/2017 16:20;Strada Urbana;VIA GIOVANNI X;da specificare;;;;prossimità Via Basadonna;Scontro laterale fra veicoli in marcia;Rettilineo;Una carreggiata a senso unico di marcia;Asciutto;Asfaltata;Assente;Sereno;Normale;Buona;Ore Diurne;1;0;0;1;12.41249;41.91464;-1;2;Motociclo a solo;In marcia / fermata / arresto;Conducente;M;Rimandato;0;NON DECEDUTO;Non accertato;
3364510;18;21/06/2017 12:00;Strada Urbana;CIRCONVALLAZIONE CORNELIA;all'intersezione con;VIA GIOVANNI DOMENICO PARACCIANI;VIA GIOVANNI DOMENICO PARACCIANI;;;Tamponamento;Intersezione stradale segnalata;Una carreggiata a senso unico di marcia;Asciutto;Asfaltata;Verticale ed orizzontale;Sereno;Normale;Buona;Ore Diurne;0;0;0;3;12.42587;41.90196;-1;1;Autovettura privata;In marcia / fermata / arresto;Conducente;F;Illeso;0;;Non accertato;Inesistente
3364510;18;21/06/2017 12:00;Strada Urbana;CIRCONVALLAZIONE CORNELIA;all'intersezione con;VIA GIOVANNI DOMENICO PARACCIANI;VIA GIOVANNI DOMENICO PARACCIANI;;;Tamponamento;Intersezione stradale segnalata;Una carreggiata a senso unico di marcia;Asciutto;Asfaltata;Verticale ed orizzontale;Sereno;Normale;Buona;Ore Diurne;0;0;0;3;12.42587;41.90196;-1;1;Autovettura privata;In marcia / fermata / arresto;Passeggero;M;Illeso;0;;;
3364510;18;21/06/2017 12:00;Strada Urbana;CIRCONVALLAZIONE CORNELIA;all'intersezione con;VIA GIOVANNI DOMENICO PARACCIANI;VIA GIOVANNI DOMENICO PARACCIANI;;;Tamponamento;Intersezione stradale segnalata;Una carreggiata a senso unico di marcia;Asciutto;Asfaltata;Verticale ed orizzontale;Sereno;Normale;Buona;Ore Diurne;0;0;0;3;12.42587;41.90196;-1;2;Autovettura privata;Allontanatosi;Conducente;M;Illeso;0;;;
3364512;5;21/06/2017 17:50;Strada Urbana;NUOVA CIRCONVALLAZIONE INTERNA;da specificare;;;;direz S. Giovanni pros uscita Staz.ne Tiburtina;Veicolo in marcia contro veicolo arresto;Rettilineo;Una carreggiata a senso unico di marcia;Asciutto;Asfaltata;Verticale ed orizzontale;Sereno;Normale;Buona;Ore Diurne;0;0;0;2;12.53367;41.90848;-1;1;Autovettura privata;In marcia / fermata / arresto;Conducente;M;Illeso;0;;Non accertato;Inesistente
3364512;5;21/06/2017 17:50;Strada Urbana;NUOVA CIRCONVALLAZIONE INTERNA;da specificare;;;;direz S. Giovanni pros uscita Staz.ne Tiburtina;Veicolo in marcia contro veicolo arresto;Rettilineo;Una carreggiata a senso unico di marcia;Asciutto;Asfaltata;Verticale ed orizzontale;Sereno;Normale;Buona;Ore Diurne;0;0;0;2;12.53367;41.90848;-1;2;Autovettura privata;In marcia / fermata / arresto;Conducente;F;Illeso;0;;Non accertato;Inesistente
3364514;18;21/06/2017 20:30;Strada Urbana;VIA DI BOCCEA;all'intersezione con;VIA DI CASAL DEL MARMO;VIA DI CASAL DEL MARMO;;;Veicolo in marcia contro ostacolo accidentale;Intersezione stradale segnalata;Una carreggiata a senso unico di marcia;Asciutto;Asfaltata;Verticale;Sereno;Normale;Buona;Sufficiente;1;0;0;0;12.38179;41.91545;-1;1;Velocipede;In marcia / fermata / arresto;Conducente;M;Rifiuta cure immediate;0;NON DECEDUTO;Esente;
3364542;11;21/06/2017 12:30;Strada Urbana;VIA TULLIO LEVI CIVITA;all'intersezione con;VIA COLOSSI;VIA COLOSSI;;;Scontro frontale/laterale DX fra veicoli in marcia;Intersezione stradale segnalata;Due carreggiate;Asciutto;Asfaltata;Verticale ed orizzontale;Sereno;Scarso;Buona;Ore Diurne;0;0;0;2;12.47367;41.85654;-1;1;Motociclo a solo;In marcia / fermata / arresto;Conducente;M;Illeso;0;;;
3364542;11;21/06/2017 12:30;Strada Urbana;VIA TULLIO LEVI CIVITA;all'intersezione con;VIA COLOSSI;VIA COLOSSI;;;Scontro frontale/laterale DX fra veicoli in marcia;Intersezione stradale segnalata;Due carreggiate;Asciutto;Asfaltata;Verticale ed orizzontale;Sereno;Scarso;Buona;Ore Diurne;0;0;0;2;12.47367;41.85654;-1;2;Autovettura privata;In marcia / fermata / arresto;Conducente;M;Illeso;0;;;
3364558;13;21/06/2017 18:15;Strada Urbana;VIA DEL MARE;in corrispondenza;;della chilometrica;21;;Scontro laterale fra veicoli in marcia;Rettilineo;Una carreggiata a doppio senso;Asciutto;Asfaltata;Verticale ed orizzontale;Sereno;Intenso;Buona;Ore Diurne;1;0;0;3;12.46323;41.84026;-1;1;Motociclo a solo;In marcia / fermata / arresto;Conducente;F;Rimandato;0;NON DECEDUTO;Non accertato;
3364558;13;21/06/2017 18:15;Strada Urbana;VIA DEL MARE;in corrispondenza;;della chilometrica;21;;Scontro laterale fra veicoli in marcia;Rettilineo;Una carreggiata a doppio senso;Asciutto;Asfaltata;Verticale ed orizzontale;Sereno;Intenso;Buona;Ore Diurne;1;0;0;3;12.46323;41.84026;-1;2;Autovettura privata;In marcia / fermata / arresto;Conducente;F;Illeso;0;;Non accertato;Inesploso
3364558;13;21/06/2017 18:15;Strada Urbana;VIA DEL MARE;in corrispondenza;;della chilometrica;21;;Scontro laterale fra veicoli in marcia;Rettilineo;Una carreggiata a doppio senso;Asciutto;Asfaltata;Verticale ed orizzontale;Sereno;Intenso;Buona;Ore Diurne;1;0;0;3;12.46323;41.84026;-1;2;Autovettura privata;In marcia / fermata / arresto;Passeggero;M;Illeso;0;;Non utilizzato;Inesploso
3364558;13;21/06/2017 18:15;Strada Urbana;VIA DEL MARE;in corrispondenza;;della chilometrica;21;;Scontro laterale fra veicoli in marcia;Rettilineo;Una carreggiata a doppio senso;Asciutto;Asfaltata;Verticale ed orizzontale;Sereno;Intenso;Buona;Ore Diurne;1;0;0;3;12.46323;41.84026;-1;2;Autovettura privata;In marcia / fermata / arresto;Passeggero;M;Illeso;0;;Non utilizzato;Inesploso
3364561;3;20/06/2017 10:20;Strada Urbana;VIA NOMENTANA;all'intersezione con;VIA CARLO FEA;VIA CARLO FEA;;;Tamponamento;Intersezione semaforizzata;Più di due carreggiate;Asciutto;Asfaltata;Verticale ed orizzontale;Sereno;Normale;Buona;Ore Diurne;1;0;0;1;12.517;41.92003;-1;1;Autovettura privata;In marcia / fermata / arresto;Conducente;F;Illeso;0;;Non accertato;
3364561;3;20/06/2017 10:20;Strada Urbana;VIA NOMENTANA;all'intersezione con;VIA CARLO FEA;VIA CARLO FEA;;;Tamponamento;Intersezione semaforizzata;Più di due carreggiate;Asciutto;Asfaltata;Verticale ed orizzontale;Sereno;Normale;Buona;Ore Diurne;1;0;0;1;12.517;41.92003;-1;2;Motociclo a solo;In marcia / fermata / arresto;Conducente;M;Rimandato;0;NON DECEDUTO;Non accertato;
3364566;3;21/06/2017 16:20;Strada Urbana;VIALE REGINA ELENA;da specificare;;;;fronte civico 287/A;Veicolo in marcia contro veicolo fermo;Rettilineo;Una carreggiata a doppio senso;Asciutto;Asfaltata;Verticale ed orizzontale;Sereno;Normale;Buona;Ore Diurne;0;0;0;4;12.51277;41.90822;-1;1;Autovettura privata;In marcia / fermata / arresto;Conducente;M;Illeso;0;;Non accertato;
3364566;3;21/06/2017 16:20;Strada Urbana;VIALE REGINA ELENA;da specificare;;;;fronte civico 287/A;Veicolo in marcia contro veicolo fermo;Rettilineo;Una carreggiata a doppio senso;Asciutto;Asfaltata;Verticale ed orizzontale;Sereno;Normale;Buona;Ore Diurne;0;0;0;4;12.51277;41.90822;-1;1;Autovettura privata;In marcia / fermata / arresto;Passeggero;F;Illeso;0;;Non accertato;
3364566;3;21/06/2017 16:20;Strada Urbana;VIALE REGINA ELENA;da specificare;;;;fronte civico 287/A;Veicolo in marcia contro veicolo fermo;Rettilineo;Una carreggiata a doppio senso;Asciutto;Asfaltata;Verticale ed orizzontale;Sereno;Normale;Buona;Ore Diurne;0;0;0;4;12.51277;41.90822;-1;2;Veicolo speciale;In marcia / fermata / arresto;Conducente;F;Illeso;0;;Non accertato;
3364566;3;21/06/2017 16:20;Strada Urbana;VIALE REGINA ELENA;da specificare;;;;fronte civico 287/A;Veicolo in marcia contro veicolo fermo;Rettilineo;Una carreggiata a doppio senso;Asciutto;Asfaltata;Verticale ed orizzontale;Sereno;Normale;Buona;Ore Diurne;0;0;0;4;12.51277;41.90822;-1;2;Veicolo speciale;In marcia / fermata / arresto;Passeggero;F;Illeso;0;;Non accertato;
3364574;3;21/06/2017 19:15;Strada Urbana;VIA LORENZO IL MAGNIFICO;in prossimità;;del civico n.;60;;Scontro laterale fra veicoli in marcia;Rettilineo;Una carreggiata a doppio senso;Asciutto;Asfaltata;Verticale ed orizzontale;Sereno;Normale;Buona;Ore Diurne;0;0;0;3;12.52293;41.91277;-1;1;Autovettura privata;In marcia / fermata / arresto;Conducente;F;Illeso;0;;;
3364574;3;21/06/2017 19:15;Strada Urbana;VIA LORENZO IL MAGNIFICO;in prossimità;;del civico n.;60;;Scontro laterale fra veicoli in marcia;Rettilineo;Una carreggiata a doppio senso;Asciutto;Asfaltata;Verticale ed orizzontale;Sereno;Normale;Buona;Ore Diurne;0;0;0;3;12.52293;41.91277;-1;1;Autovettura privata;In marcia / fermata / arresto;Passeggero;M;Illeso;0;;Non accertato;