Protocollo;Gruppo;DataOraIncidente;Localizzazione1;STRADA1;Localizzazione2;STRADA2;Strada02;Chilometrica;DaSpecificare;NaturaIncidente;particolaritastrade;TipoStrada;FondoStradale;Pavimentazione;Segnaletica;CondizioneAtmosferica;Traffico;Visibilita;Illuminazione;NUM_FERITI;NUM_RISERVATA;NUM_MORTI;NUM_ILLESI;Longitudine;Latitudine;Confermato;Progressivo;TipoVeicolo;StatoVeicolo;TipoPersona;Sesso;Tipolesione;Deceduto;DecedutoDopo;CinturaCascoUtilizzato;Airbag
3371517;18;26/06/2017 15:10;Strada Urbana;VIA GREGORIO VII;in prossimità;;del civico n.;549;;Scontro laterale fra veicoli in marcia;Pendenza;Più di due carreggiate;Asciutto;Asfaltata;Verticale ed orizzontale;Sereno;Normale;Buona;Ore Diurne;1;0;0;1;12.43348;41.8936;-1;1;Autovettura privata;In marcia / fermata / arresto;Conducente;F;Illeso;0;;Non accertato;Inesploso
3371517;18;26/06/2017 15:10;Strada Urbana;VIA GREGORIO VII;in prossimità;;del civico n.;549;;Scontro laterale fra veicoli in marcia;Pendenza;Più di due carreggiate;Asciutto;Asfaltata;Verticale ed orizzontale;Sereno;Normale;Buona;Ore Diurne;1;0;0;1;12.43348;41.8936;-1;2;Motociclo a solo;In marcia / fermata / arresto;Conducente;M;Rifiuta cure immediate;0;NON DECEDUTO;Non accertato;
3371521;18;26/06/2017 15:30;Strada Urbana;PIAZZA DEI GIURECONSULTI;all'intersezione con;CIRCONVALLAZIONE CORNELIA;CIRCONVALLAZIONE CORNELIA;;;Tamponamento;Intersezione semaforizzata;Una carreggiata a doppio senso;Asciutto;Asfaltata;Verticale ed orizzontale;Sereno;Normale;Buona;Ore Diurne;0;0;0;2;12.42575;41.90168;-1;1;Motociclo a solo;In marcia / fermata / arresto;Conducente;F;Illeso;0;;Non accertato;
3371521;18;26/06/2017 15:30;Strada Urbana;PIAZZA DEI GIURECONSULTI;all'intersezione con;CIRCONVALLAZIONE CORNELIA;CIRCONVALLAZIONE CORNELIA;;;Tamponamento;Intersezione semaforizzata;Una carreggiata a doppio senso;Asciutto;Asfaltata;Verticale ed orizzontale;Sereno;Normale;Buona;Ore Diurne;0;0;0;2;12.42575;41.90168;-1;2;Autovettura privata;In marcia / fermata / arresto;Conducente;M;Illeso;0;;Non accertato;Inesploso
3371522;2;26/06/2017 11:05;Strada Urbana;VIA SALARIA;in prossimità;;del civico n.;280;;Tamponamento;Rettilineo;Due carreggiate;Asciutto;Asfaltata;Verticale ed orizzontale;Sereno;Normale;Buona;Ore Diurne;1;0;0;1;12.50071;41.92152;-1;1;Autocarro inferiore 35 q.;In marcia / fermata / arresto;Conducente;M;Illeso;0;;Non accertato;Inesploso
3371522;2;26/06/2017 11:05;Strada Urbana;VIA SALARIA;in prossimità;;del civico n.;280;;Tamponamento;Rettilineo;Due carreggiate;Asciutto;Asfaltata;Verticale ed orizzontale;Sereno;Normale;Buona;Ore Diurne;1;0;0;1;12.50071;41.92152;-1;2;Autocarro inferiore 35 q.;In marcia / fermata / arresto;Conducente;M;Rimandato;0;NON DECEDUTO;Non accertato;Inesploso
3371542;3;27/06/2017 07:30;Strada Urbana;VIA PAVIA;da specificare;;;;F.C. 28;Investimento di pedone;Rettilineo;Una carreggiata a doppio senso;Asciutto;Asfaltata;Verticale ed orizzontale;Sereno;Scarso;Buona;Ore Diurne;1;0;0;1;12.51724;41.90824;-1;;;;Pedone;F;Ricoverato;0;NON DECEDUTO;;
3371542;3;27/06/2017 07:30;Strada Urbana;VIA PAVIA;da specificare;;;;F.C. 28;Investimento di pedone;Rettilineo;Una carreggiata a doppio senso;Asciutto;Asfaltata;Verticale ed orizzontale;Sereno;Scarso;Buona;Ore Diurne;1;0;0;1;12.51724;41.90824;-1;1;Autovettura privata;In marcia / fermata / arresto;Conducente;M;Illeso;0;;Non accertato;Inesploso
3371549;1;27/06/2017 08:10;Strada Urbana;LUNGOTEVERE GIANICOLENSE;all'intersezione con;VIA DELLA LUNGARA;VIA DELLA LUNGARA;;;Tamponamento;Incrocio;Una carreggiata a senso unico di marcia;Asciutto;Asfaltata;Verticale ed orizzontale;Sereno;Normale;Buona;Ore Diurne;0;0;0;2;12.46495;41.89604;-1;1;Autovettura privata;In marcia / fermata / arresto;Conducente;M;Illeso;0;;Non accertato;Inesploso
3371549;1;27/06/2017 08:10;Strada Urbana;LUNGOTEVERE GIANICOLENSE;all'intersezione con;VIA DELLA LUNGARA;VIA DELLA LUNGARA;;;Tamponamento;Incrocio;Una carreggiata a senso unico di marcia;Asciutto;Asfaltata;Verticale ed orizzontale;Sereno;Normale;Buona;Ore Diurne;0;0;0;2;12.46495;41.89604;-1;2;Autocarro inferiore 35 q.;In marcia / fermata / arresto;Conducente;M;Illeso;0;;Non accertato;Inesploso
3371553;4;26/06/2017 15:20;Strada Urbana;VIA DELLA STAZIONE DI SETTEBAGNI;all'intersezione con;SALITA DELLA MARCIGLIANA;SALITA DELLA MARCIGLIANA;;;Veicolo in marcia contro veicolo fermo;Intersezione stradale segnalata;Una carreggiata a doppio senso;Asciutto;Asfaltata;Orizzontale;Sereno;Normale;Buona;Ore Diurne;0;0;0;2;12.51972;42.00815;-1;1;Autocarro inferiore 35 q.;In marcia / fermata / arresto;Conducente;M;Illeso;0;;Non accertato;Inesploso
3371553;4;26/06/2017 15:20;Strada Urbana;VIA DELLA STAZIONE DI SETTEBAGNI;all'intersezione con;SALITA DELLA MARCIGLIANA;SALITA DELLA MARCIGLIANA;;;Veicolo in marcia contro veicolo fermo;Intersezione stradale segnalata;Una carreggiata a doppio senso;Asciutto;Asfaltata;Orizzontale;Sereno;Normale;Buona;Ore Diurne;0;0;0;2;12.51972;42.00815;-1;2;Autovettura privata;In marcia / fermata / arresto;Conducente;M;Illeso;0;;;
3371558;17;26/06/2017 09:00;Strada Urbana;VIALE DELLE MEDAGLIE D'ORO;all'intersezione semaforizzata con;VIA LUIGI RIZZO;VIA LUIGI RIZZO;;;Scontro laterale fra veicoli in marcia;Intersezione semaforizzata;Una carreggiata a doppio senso;Asciutto;Asfaltata;Verticale ed orizzontale;Sereno;Normale;Buona;Ore Diurne;1;0;0;1;12.44284;41.91685;-1;1;Motociclo con passeggero;In marcia / fermata / arresto;Conducente;M;Illeso;0;;;
3371558;17;26/06/2017 09:00;Strada Urbana;VIALE DELLE MEDAGLIE D'ORO;all'intersezione semaforizzata con;VIA LUIGI RIZZO;VIA LUIGI RIZZO;;;Scontro laterale fra veicoli in marcia;Intersezione semaforizzata;Una carreggiata a doppio senso;Asciutto;Asfaltata;Verticale ed orizzontale;Sereno;Normale;Buona;Ore Diurne;1;0;0;1;12.44284;41.91685;-1;2;Motociclo con passeggero;In marcia / fermata / arresto;Conducente;F;Rimandato;0;NON DECEDUTO;;
3371563;12;27/06/2017 09:00;Strada Urbana;VIALE DEI CADUTI NELLA GUERRA DI LIBERAZIONE;all'intersezione con;VIA PONTINA;VIA PONTINA;;;Scontro frontale/laterale SX fra veicoli in marcia;Incrocio;Una carreggiata a senso unico di marcia;Asciutto;Asfaltata;Verticale ed orizzontale;Sereno;Normale;Buona;Ore Diurne;0;0;0;2;12.45114;41.7924;-1;1;Autotreno;In marcia / fermata / arresto;Conducente;M;Illeso;0;;Utilizzato;Inesploso
3371563;12;27/06/2017 09:00;Strada Urbana;VIALE DEI CADUTI NELLA GUERRA DI LIBERAZIONE;all'intersezione con;VIA PONTINA;VIA PONTINA;;;Scontro frontale/laterale SX fra veicoli in marcia;Incrocio;Una carreggiata a senso unico di marcia;Asciutto;Asfaltata;Verticale ed orizzontale;Sereno;Normale;Buona;Ore Diurne;0;0;0;2;12.45114;41.7924;-1;2;Autovettura privata;In marcia / fermata / arresto;Conducente;F;Illeso;0;;Utilizzato;Inesploso
3371602;4;26/06/2017 17:00;Strada Urbana;PIAZZA GIULIETTA MASINA;da specificare;;;;alt. rotatoria via c. bene;Scontro laterale fra veicoli in marcia;Rotatoria;Una carreggiata a senso unico di marcia;Asciutto;Asfaltata;Verticale;Sereno;Intenso;Buona;Ore Diurne;0;0;0;4;12.53782;41.96603;-1;1;Autovettura privata;In marcia / fermata / arresto;Conducente;M;Illeso;0;;;
3371602;4;26/06/2017 17:00;Strada Urbana;PIAZZA GIULIETTA MASINA;da specificare;;;;alt. rotatoria via c. bene;Scontro laterale fra veicoli in marcia;Rotatoria;Una carreggiata a senso unico di marcia;Asciutto;Asfaltata;Verticale;Sereno;Intenso;Buona;Ore Diurne;0;0;0;4;12.53782;41.96603;-1;1;Autovettura privata;In marcia / fermata / arresto;Passeggero;F;Illeso;0;;;
3371602;4;26/06/2017 17:00;Strada Urbana;PIAZZA GIULIETTA MASINA;da specificare;;;;alt. rotatoria via c. bene;Scontro laterale fra veicoli in marcia;Rotatoria;Una carreggiata a senso unico di marcia;Asciutto;Asfaltata;Verticale;Sereno;Intenso;Buona;Ore Diurne;0;0;0;4;12.53782;41.96603;-1;2;Autovettura privata;In marcia / fermata / arresto;Conducente;M;Illeso;0;;;
3371611;12;26/06/2017 16:20;Strada Urbana;VIA DI ACQUA ACETOSA OSTIENSE;all'intersezione con;VIA CAMUS;VIA CAMUS;;;Scontro frontale/laterale DX fra veicoli in marcia;Intersezione stradale segnalata;Una carreggiata a doppio senso;Asciutto;Asfaltata;Verticale ed orizzontale;Sereno;Normale;Buona;Ore Diurne;1;0;0;1;12.4647;41.84259;-1;1;Autocarro inferiore 35 q.;In marcia / fermata / arresto;Conducente;M;Illeso;0;;Non accertato;Inesistente
3371611;12;26/06/2017 16:20;Strada Urbana;VIA DI ACQUA ACETOSA OSTIENSE;all'intersezione con;VIA CAMUS;VIA CAMUS;;;Scontro frontale/laterale DX fra veicoli in marcia;Intersezione stradale segnalata;Una carreggiata a doppio senso;Asciutto;Asfaltata;Verticale ed orizzontale;Sereno;Normale;Buona;Ore Diurne;1;0;0;1;12.4647;41.84259;-1;2;Motociclo a solo;In marcia / fermata / arresto;Conducente;M;Rimandato;0;NON DECEDUTO;Utilizzato;
3371640;2;26/06/2017 20:50;Strada Urbana;VIA DEL FORO ITALICO;in prossimità;;del civico n.;436;;Scontro laterale fra veicoli in marcia;Rettilineo;Una carreggiata a doppio senso;Asciutto;Asfaltata;Verticale ed orizzontale;Sereno;Normale;Buona;Ore Diurne;0;0;0;5;12.48838;41.93936;-1;1;Autovettura privata;In marcia / fermata / arresto;Conducente;M;Illeso;0;;;
3371640;2;26/06/2017 20:50;Strada Urbana;VIA DEL FORO ITALICO;in prossimità;;del civico n.;436;;Scontro laterale fra veicoli in marcia;Rettilineo;Una carreggiata a doppio senso;Asciutto;Asfaltata;Verticale ed orizzontale;Sereno;Normale;Buona;Ore Diurne;0;0;0;5;12.48838;41.93936;-1;1;Autovettura privata;In marcia / fermata / arresto;Passeggero;F;Illeso;0;;;
3371640;2;26/06/2017 20:50;Strada Urbana;VIA DEL FORO ITALICO;in prossimità;;del civico n.;436;;Scontro laterale fra veicoli in marcia;Rettilineo;Una carreggiata a doppio senso;Asciutto;Asfaltata;Verticale ed orizzontale;Sereno;Normale;Buona;Ore Diurne;0;0;0;5;12.48838;41.93936;-1;1;Autovettura privata;In marcia / fermata / arresto;Passeggero;M;Illeso;0;;;
3371640;2;26/06/2017 20:50;Strada Urbana;VIA DEL FORO ITALICO;in prossimità;;del civico n.;436;;Scontro laterale fra veicoli in marcia;Rettilineo;Una carreggiata a doppio senso;Asciutto;Asfaltata;Verticale ed orizzontale;Sereno;Normale;Buona;Ore Diurne;0;0;0;5;12.48838;41.93936;-1;2;Motociclo a solo;In marcia / fermata / arresto;Conducente;M;Illeso;0;;;
3371640;2;26/06/2017 20:50;Strada Urbana;VIA DEL FORO ITALICO;in prossimità;;del civico n.;436;;Scontro laterale fra veicoli in marcia;Rettilineo;Una carreggiata a doppio senso;Asciutto;Asfaltata;Verticale ed orizzontale;Sereno;Normale;Buona;Ore Diurne;0;0;0;5;12.48838;41.93936;-1;3;Autovettura privata;In marcia / fermata / arresto;Conducente;M;Illeso;0;;;
3371643;7;27/06/2017 07:40;Strada Urbana;VIA DI TOR CERVARA;in prossimità;;del civico n.;333;;Veicolo in marcia contro veicolo in sosta;Rettilineo;Una carreggiata a doppio senso;Asciutto;Asfaltata;Verticale;Sereno;Normale;Buona;Ore Diurne;0;0;0;1;12.58978;41.90463;-1;2;Autovettura privata;In marcia / fermata / arresto;Conducente;M;Illeso;0;;Non accertato;Inesploso
3371648;4;26/06/2017 14:10;Strada Urbana;VIA DI SETTEBAGNI;all'intersezione con;VIA WANDA CAPODAGLIO;VIA WANDA CAPODAGLIO;;;Scontro frontale/laterale SX fra veicoli in marcia;Intersezione stradale segnalata;Una carreggiata a doppio senso;Asciutto;Asfaltata;Verticale ed orizzontale;Sereno;Scarso;Buona;Ore Diurne;0;0;0;3;12.51966;41.98683;-1;1;Autovettura privata;In marcia / fermata / arresto;Conducente;F;Illeso;0;;Non accertato;Inesploso
3371648;4;26/06/2017 14:10;Strada Urbana;VIA DI SETTEBAGNI;all'intersezione con;VIA WANDA CAPODAGLIO;VIA WANDA CAPODAGLIO;;;Scontro frontale/laterale SX fra veicoli in marcia;Intersezione stradale segnalata;Una carreggiata a doppio senso;Asciutto;Asfaltata;Verticale ed orizzontale;Sereno;Scarso;Buona;Ore Diurne;0;0;0;3;12.51966;41.98683;-1;1;Autovettura privata;In marcia / fermata / arresto;Passeggero;F;Illeso;0;;Non accertato;Inesploso
3371648;4;26/06/2017 14:10;Strada Urbana;VIA DI SETTEBAGNI;all'intersezione con;VIA WANDA CAPODAGLIO;VIA WANDA CAPODAGLIO;;;Scontro frontale/laterale SX fra veicoli in marcia;Intersezione stradale segnalata;Una carreggiata a doppio senso;Asciutto;Asfaltata;Verticale ed orizzontale;Sereno;Scarso;Buona;Ore Diurne;0;0;0;3;12.51966;41.98683;-1;2;Autovettura privata;In marcia / fermata / arresto;Conducente;F;Illeso;0;;Non accertato;Inesploso
3371649;23;26/06/2017 18:45;Strada Urbana;PIAZZA DI PONTE UMBERTO I;in prossimità;;del palo luce n.;1;;Veicolo in marcia contro ostacolo fisso;Rettilineo;Una carreggiata a senso unico di marcia;Asciutto;Acciotolata;Verticale ed orizzontale;Sereno;Scarso;Buona;Ore Diurne;0;0;0;2;12.47174;41.90198;-1;1;Autovettura privata;In marcia / fermata / arresto;Conducente;F;Illeso;0;;Non accertato;Inesploso
3371649;23;26/06/2017 18:45;Strada Urbana;PIAZZA DI PONTE UMBERTO I;in prossimità;;del palo luce n.;1;;Veicolo in marcia contro ostacolo fisso;Rettilineo;Una carreggiata a senso unico di marcia;Asciutto;Acciotolata;Verticale ed orizzontale;Sereno;Scarso;Buona;Ore Diurne;0;0;0;2;12.47174;41.90198;-1;1;Autovettura privata;In marcia / fermata / arresto;Passeggero;M;Illeso;0;;Non accertato;Inesploso
3371652;2;26/06/2017 16:30;Strada Urbana;SOTTOVIA IGNAZIO GUIDI;da specificare;;;;altezza VIA PO dir. p.le Flaminio;Scontro laterale fra veicoli in marcia;Sottopasso illuminato;Una carreggiata a doppio senso;Asciutto;Asfaltata;Verticale ed orizzontale;Sereno;Normale;Sufficiente;Ore Diurne;1;0;0;1;12.49864;41.9111;-1;1;Motociclo a solo;In marcia / fermata / arresto;Conducente;M;Rimandato;0;NON DECEDUTO;Non accertato;
3371652;2;26/06/2017 16:30;Strada Urbana;SOTTOVIA IGNAZIO GUIDI;da specificare;;;;altezza VIA PO dir. p.le Flaminio;Scontro laterale fra veicoli in marcia;Sottopasso illuminato;Una carreggiata a doppio senso;Asciutto;Asfaltata;Verticale ed orizzontale;Sereno;Normale;Sufficiente;Ore Diurne;1;0;0;1;12.49864;41.9111;-1;2;Autovettura privata;In marcia / fermata / arresto;Conducente;M;Illeso;0;;Non accertato;Inesploso
3371654;2;26/06/2017 13:45;Strada Urbana;VIA SALARIA;da specificare;;;;pross. Via Yser;Tamponamento Multiplo;Rettilineo;Due carreggiate;Asciutto;Asfaltata;Verticale ed orizzontale;Sereno;Normale;Buona;Ore Diurne;1;0;0;2;12.49914;41.9201;-1;1;Motociclo a solo;In marcia / fermata / arresto;Conducente;M;Rimandato;0;NON DECEDUTO;Non accertato;
3371654;2;26/06/2017 13:45;Strada Urbana;VIA SALARIA;da specificare;;;;pross. Via Yser;Tamponamento Multiplo;Rettilineo;Due carreggiate;Asciutto;Asfaltata;Verticale ed orizzontale;Sereno;Normale;Buona;Ore Diurne;1;0;0;2;12.49914;41.9201;-1;2;Autovettura privata;In marcia / fermata / arresto;Conducente;M;Illeso;0;;Non accertato;Inesploso
3371654;2;26/06/2017 13:45;Strada Urbana;VIA SALARIA;da specificare;;;;pross. Via Yser;Tamponamento Multiplo;Rettilineo;Due carreggiate;Asciutto;Asfaltata;Verticale ed orizzontale;Sereno;Normale;Buona;Ore Diurne;1;0;0;2;12.49914;41.9201;-1;3;Autocarro inferiore 35 q.;In marcia / fermata / arresto;Conducente;M;Illeso;0;;Non accertato;Inesploso
3371655;12;27/06/2017 08:45;Provinciale;VIA LAURENTINA;in prossimità;;del civico n.;1569;;Veicolo in marcia contro ostacolo accidentale;Rettilineo;Una carreggiata a doppio senso;Asciutto;Asfaltata;Verticale ed orizzontale;Sereno;Normale;Buona;Ore Diurne;1;0;0;0;12.50882;41.72747;-1;1;Motociclo a solo;In marcia / fermata / arresto;Conducente;M;Rimandato;0;NON DECEDUTO;Utilizzato;
3371656;2;26/06/2017 13:15;Strada Urbana;PIAZZALE FLAMINIO;da specificare;;;;corrispondenza Porta del Popolo;Scontro laterale fra veicoli in marcia;Rettilineo;Due carreggiate;Asciutto;Asfaltata;Verticale ed orizzontale;Sereno;Intenso;Buona;Ore Diurne;0;0;0;2;12.47568;41.91187;-1;1;Motociclo a solo;In marcia / fermata / arresto;Conducente;M;Illeso;0;;Non accertato;
3371656;2;26/06/2017 13:15;Strada Urbana;PIAZZALE FLAMINIO;da specificare;;;;corrispondenza Porta del Popolo;Scontro laterale fra veicoli in marcia;Rettilineo;Due carreggiate;Asciutto;Asfaltata;Verticale ed orizzontale;Sereno;Intenso;Buona;Ore Diurne;0;0;0;2;12.47568;41.91187;-1;2;Autovettura privata;In marcia / fermata / arresto;Conducente;M;Illeso;0;;Non accertato;Inesploso
3371660;2;26/06/2017 13:00;Strada Urbana;CORSO TRIESTE;all'intersezione con;VIA DALMAZIA;VIA DALMAZIA;;;Scontro laterale fra veicoli in marcia;Incrocio;Due carreggiate;Asciutto;Asfaltata;Verticale ed orizzontale;Sereno;Normale;Buona;Ore Diurne;1;0;0;1;12.50942;41.92044;-1;1;Autovettura privata;In marcia / fermata / arresto;Conducente;M;Illeso;0;;Non accertato;Inesploso
3371660;2;26/06/2017 13:00;Strada Urbana;CORSO TRIESTE;all'intersezione con;VIA DALMAZIA;VIA DALMAZIA;;;Scontro laterale fra veicoli in marcia;Incrocio;Due carreggiate;Asciutto;Asfaltata;Verticale ed orizzontale;Sereno;Normale;Buona;Ore Diurne;1;0;0;1;12.50942;41.92044;-1;2;Autovettura privata;In marcia / fermata / arresto;Conducente;M;Rimandato;0;NON DECEDUTO;Non accertato;Inesploso
3371662;4;26/06/2017 10:00;Strada Urbana;VIA LUIGI CAPUANA;in corrispondenza;;del civico n.;36;;Scontro frontale/laterale SX fra veicoli in marcia;Rettilineo;Due carreggiate;Asciutto;Asfaltata;Verticale;Sereno;Normale;Buona;Ore Diurne;1;0;0;1;12.54752;41.94553;-1;1;Autovettura privata;In marcia / fermata / arresto;Conducente;M;Illeso;0;;Non accertato;Inesploso
3371662;4;26/06/2017 10:00;Strada Urbana;VIA LUIGI CAPUANA;in corrispondenza;;del civico n.;36;;Scontro frontale/laterale SX fra veicoli in marcia;Rettilineo;Due carreggiate;Asciutto;Asfaltata;Verticale;Sereno;Normale;Buona;Ore Diurne;1;0;0;1;12.54752;41.94553;-1;2;Autovettura privata;In marcia / fermata / arresto;Conducente;M;Rimandato;0;NON DECEDUTO;Non accertato;Inesploso
3371678;2;26/06/2017 05:55;Strada Urbana;CIRCONVALLAZIONE NOMENTANA;da specificare;;;;altezza Via Nomentana dir. C.ne Salaria;Veicolo in marcia contro ostacolo accidentale;Rettilineo;Una carreggiata a senso unico di marcia;Asciutto;Asfaltata;Verticale ed orizzontale;Sereno;Intenso;Buona;Sufficiente;0;0;0;1;12.5272;41.9185;-1;1;Autobus di linea;In marcia / fermata / arresto;Conducente;M;Illeso;0;;Non accertato;Inesploso
3371686;3;03/06/2017 12:30;Strada Urbana;VIA DEGLI AUSONI;da specificare;;;;fronte civ. 69;Veicolo in marcia contro ostacolo accidentale;Rettilineo;Una carreggiata a senso unico di marcia;Asciutto;Asfaltata;Verticale ed orizzontale;Sereno;Scarso;Buona;Ore Diurne;0;0;0;1;12.51859;41.8967;-1;1;Motociclo a solo;In marcia / fermata / arresto;Conducente;M;Illeso;0;;Non accertato;
3371691;23;26/06/2017 16:15;Strada Urbana;CORSO VITTORIO EMANUELE II;in prossimità;;del civico n.;305;;Investimento di pedone;Rettilineo;Una carreggiata a doppio senso;Asciutto;Asfaltata;Verticale ed orizzontale;Sereno;Normale;Buona;Ore Diurne;3;0;0;0;12.46688;41.89935;-1;;;;Pedone;F;Rifiuta cure immediate;0;NON DECEDUTO;;
3371691;23;26/06/2017 16:15;Strada Urbana;CORSO VITTORIO EMANUELE II;in prossimità;;del civico n.;305;;Investimento di pedone;Rettilineo;Una carreggiata a doppio senso;Asciutto;Asfaltata;Verticale ed orizzontale;Sereno;Normale;Buona;Ore Diurne;3;0;0;0;12.46688;41.89935;-1;;;;Pedone;F;Rifiuta cure immediate;0;NON DECEDUTO;;
3371691;23;26/06/2017 16:15;Strada Urbana;CORSO VITTORIO EMANUELE II;in prossimità;;del civico n.;305;;Investimento di pedone;Rettilineo;Una carreggiata a doppio senso;Asciutto;Asfaltata;Verticale ed orizzontale;Sereno;Normale;Buona;Ore Diurne;3;0;0;0;12.46688;41.89935;-1;1;Motociclo a solo;In marcia / fermata / arresto;Conducente;M;Rifiuta cure immediate;0;NON DECEDUTO;Non accertato;
3371704;23;26/06/2017 19:45;Strada Urbana;VIA CRISTOFORO COLOMBO;all'intersezione con;VIALE MARCO POLO;VIALE MARCO POLO;;;Scontro laterale fra veicoli in marcia;Intersezione non regolata/non segnalata;Una carreggiata a senso unico di marcia;Asciutto;Asfaltata;Assente;Sereno;Normale;Buona;Ore Diurne;0;0;0;3;12.49637;41.87316;-1;1;Veicolo speciale;In marcia / fermata / arresto;Conducente;M;Illeso;0;;Non accertato;Inesistente
3371704;23;26/06/2017 19:45;Strada Urbana;VIA CRISTOFORO COLOMBO;all'intersezione con;VIALE MARCO POLO;VIALE MARCO POLO;;;Scontro laterale fra veicoli in marcia;Intersezione non regolata/non segnalata;Una carreggiata a senso unico di marcia;Asciutto;Asfaltata;Assente;Sereno;Normale;Buona;Ore Diurne;0;0;0;3;12.49637;41.87316;-1;2;Autovettura privata;In marcia / fermata / arresto;Conducente;F;Illeso;0;;Non accertato;Inesploso
3371704;23;26/06/2017 19:45;Strada Urbana;VIA CRISTOFORO COLOMBO;all'intersezione con;VIALE MARCO POLO;VIALE MARCO POLO;;;Scontro laterale fra veicoli in marcia;Intersezione non regolata/non segnalata;Una carreggiata a senso unico di marcia;Asciutto;Asfaltata;Assente;Sereno;Normale;Buona;Ore Diurne;0;0;0;3;12.49637;41.87316;-1;2;Autovettura privata;In marcia / fermata / arresto;Passeggero;F;Illeso;0;;Non accertato;Inesploso
3371736;7;27/06/2017 08:27;Strada Urbana;PIAZZA TEOFRASTO;all'intersezione con;VIA FEDERICO DELPINO;VIA FEDERICO DELPINO;;;Scontro frontale/laterale DX fra veicoli in marcia;Incrocio;Una carreggiata a doppio senso;Asciutto;Asfaltata;Verticale ed orizzontale;Sereno;Normale;Buona;Ore Diurne;0;0;0;2;12.56409;41.89138;-1;1;Autovettura privata;In marcia / fermata / arresto;Conducente;M;Illeso;0;;Non accertato;Inesploso
3371736;7;27/06/2017 08:27;Strada Urbana;PIAZZA TEOFRASTO;all'intersezione con;VIA FEDERICO DELPINO;VIA FEDERICO DELPINO;;;Scontro frontale/laterale DX fra veicoli in marcia;Incrocio;Una carreggiata a doppio senso;Asciutto;Asfaltata;Verticale ed orizzontale;Sereno;Normale;Buona;Ore Diurne;0;0;0;2;12.56409;41.89138;-1;2;Motociclo a solo;In marcia / fermata / arresto;Conducente;M;Illeso;0;;;
3371765;4;26/06/2017 12:40;Strada Urbana;VIA MONTE ROCCHETTA;in corrispondenza;;del civico n.;10;;Tamponamento Multiplo;Rettilineo;Una carreggiata a doppio senso;Asciutto;Asfaltata;Orizzontale;Sereno;Normale;Buona;Ore Diurne;0;0;0;3;12.53207;41.94804;-1;1;Autovettura privata;In marcia / fermata / arresto;Conducente;M;Illeso;0;;;
3371765;4;26/06/2017 12:40;Strada Urbana;VIA MONTE ROCCHETTA;in corrispondenza;;del civico n.;10;;Tamponamento Multiplo;Rettilineo;Una carreggiata a doppio senso;Asciutto;Asfaltata;Orizzontale;Sereno;Normale;Buona;Ore Diurne;0;0;0;3;12.53207;41.94804;-1;2;Autocarro inferiore 35 q.;In marcia / fermata / arresto;Conducente;M;Illeso;0;;Non accertato;Inesploso
3371765;4;26/06/2017 12:40;Strada Urbana;VIA MONTE ROCCHETTA;in corrispondenza;;del civico n.;10;;Tamponamento Multiplo;Rettilineo;Una carreggiata a doppio senso;Asciutto;Asfaltata;Orizzontale;Sereno;Normale;Buona;Ore Diurne;0;0;0;3;12.53207;41.94804;-1;3;Autovettura di soccorso;In marcia / fermata / arresto;Conducente;M;Illeso;0;;Non accertato;Inesploso
3371771;1;27/06/2017 09:20;Strada Urbana;VIA DELLA LUCE;in corrispondenza;;del civico n.;FR.67;;Veicolo in marcia contro veicolo in sosta;Rettilineo;Una carreggiata a senso unico di marcia;Asciutto;In cubetti di porfido;Assente;Sereno;Normale;Buona;Ore Diurne;0;0;0;1;12.4757;41.88898;-1;1;Autocarro inferiore 35 q.;In marcia / fermata / arresto;Conducente;M;Illeso;0;;;
3371813;7;27/06/2017 10:20;Strada Urbana;VIA DELL'OMO;all'intersezione con;VIA COSTANZO CANTONI;VIA COSTANZO CANTONI;;;Veicolo in marcia contro veicolo in sosta;Incrocio;Una carreggiata a senso unico di marcia;Asciutto;Asfaltata;Orizzontale;Sereno;Normale;Buona;Ore Diurne;0;0;0;1;12.6094;41.8901;-1;2;Trattore stradale;In marcia / fermata / arresto;Conducente;M;Illeso;0;;Non accertato;Inesploso
3371925;2;27/06/2017 13:50;Strada Urbana;VIA DEL FORO ITALICO;da specificare;;;;altezza campo nomadi;Tamponamento;Rettilineo;Due carreggiate;Asciutto;Asfaltata;Orizzontale;Sereno;Intenso;Buona;Ore Diurne;0;0;0;3;12.48375;41.93991;-1;1;Autocarro inferiore 35 q.;In marcia / fermata / arresto;Conducente;M;Illeso;0;;Non accertato;
3371925;2;27/06/2017 13:50;Strada Urbana;VIA DEL FORO ITALICO;da specificare;;;;altezza campo nomadi;Tamponamento;Rettilineo;Due carreggiate;Asciutto;Asfaltata;Orizzontale;Sereno;Intenso;Buona;Ore Diurne;0;0;0;3;12.48375;41.93991;-1;2;Autocarro inferiore 35 q.;In marcia / fermata / arresto;Conducente;M;Illeso;0;;;
3371925;2;27/06/2017 13:50;Strada Urbana;VIA DEL FORO ITALICO;da specificare;;;;altezza campo nomadi;Tamponamento;Rettilineo;Due carreggiate;Asciutto;Asfaltata;Orizzontale;Sereno;Intenso;Buona;Ore Diurne;0;0;0;3;12.48375;41.93991;-1;2;Autocarro inferiore 35 q.;In marcia / fermata / arresto;Passeggero;M;Illeso;0;;;